"Chronology ID","Candidate ID","Sort Key","Display Date","Lane","Episode","Editorial Role","Priority","Proof Status","Repository","Record Group","Source Locator","Title","Placement Note","Next Action","Duplicate Task","Related Pull Sheets","Related Docket","Catalog URL","FRUS Search URL","Source Note"
"CHR-001","DOC50-041","1942-01-01","1942-1944","Creating War Information","White House OWI oversight and intelligence surveys","White House control","High","Folder/item source copy needed","FDR Library / NARA Catalog","President's Secretary's File","NAID 16620603","Office of War Information, 1942-1944","White House control cluster; use before or beside agency records when FDR routing or oversight is visible.","Pull folder-level source copies and identify FDR action, White House routing, or relation to State/OWI decisions.","Save exact History.state.gov search, broad topical search, checked date, result count, and duplicate ruling.","PULL-008","DKT-001; DKT-005; DKT-008; DKT-007","https://catalog.archives.gov/id/16620603","https://history.state.gov/search?q=%22Office%20of%20War%20Information%2C%201942-1944%22","FDR Library via NARA Catalog, President's Secretary's File, Subject Files, Office of War Information, 1942-1944, NAID 16620603."
"CHR-002","DOC50-048","1942-01-01","1942","Hemisphere and Cultural Exchange","OIAA radio operations and reaction evidence","Reception / operations evidence","High","Item selection needed","NARA","RG 229","NAID 782735","Radio Reaction Reports","Hemisphere radio/OIAA cluster; pair State cable, post evidence, and OIAA radio reaction before promotion.","Itemize the file unit and pair radio operation or reaction evidence with RG 59/RG 84 State documentation.","Save exact History.state.gov search, broad topical search, checked date, result count, and duplicate ruling.","PULL-007","DKT-001; DKT-005; DKT-008; DKT-003; DKT-006","https://catalog.archives.gov/id/782735","https://history.state.gov/search?q=%22Radio%20Reaction%20Reports%22%20%22Inter-American%22","NARA RG 229, Office of the Coordinator of Inter-American Affairs, Department of Information, Radio Division, Radio Reaction Reports, NAID 782735."
"CHR-003","DOC50-043","1942-06-01","June 1942","Creating War Information","White House OWI oversight and intelligence surveys","White House control","Medium","Folder/item source copy needed","FDR Library / NARA Catalog","President's Secretary's File","NAID 16620611","Office of War Information - Survey of Intelligence, June 1942","White House control cluster; use before or beside agency records when FDR routing or oversight is visible.","Pull folder-level source copies and identify FDR action, White House routing, or relation to State/OWI decisions.","Save exact History.state.gov search, broad topical search, checked date, result count, and duplicate ruling.","PULL-008","DKT-001; DKT-005; DKT-008; DKT-007","https://catalog.archives.gov/id/16620611","https://history.state.gov/search?q=%22Office%20of%20War%20Information%20-%20Survey%20of%20Intelligence%2C%20June%201942%22","FDR Library via NARA Catalog, President's Secretary's File, Subject Files, Office of War Information - Survey of Intelligence, June 1942, NAID 16620611."
"CHR-004","DOC50-044","1942-08-01","August 1942","Creating War Information","White House OWI oversight and intelligence surveys","White House control","Medium","Folder/item source copy needed","FDR Library / NARA Catalog","President's Secretary's File","NAID 16620616","Office of War Information - Survey of Intelligence, August 1942","White House control cluster; use before or beside agency records when FDR routing or oversight is visible.","Pull folder-level source copies and identify FDR action, White House routing, or relation to State/OWI decisions.","Save exact History.state.gov search, broad topical search, checked date, result count, and duplicate ruling.","PULL-008","DKT-001; DKT-005; DKT-008; DKT-007","https://catalog.archives.gov/id/16620616","https://history.state.gov/search?q=%22Office%20of%20War%20Information%20-%20Survey%20of%20Intelligence%2C%20August%201942%22","FDR Library via NARA Catalog, President's Secretary's File, Subject Files, Office of War Information - Survey of Intelligence, August 1942, NAID 16620616."
"CHR-005","DOC50-046","1942-11-19","November 19, 1942","Prewar Information Policy","Rumor-control boundary review","Boundary memo","Medium","Boundary ruling needed","FDR Library / NARA Catalog","Philleo Nash Papers","NAID 509549657","Memorandum to Philleo Nash from Leo C. Rosten, with attachment","Domestic morale boundary check; promote only if foreign-audience or State policy consequence appears.","Review the source copy for foreign-audience, overseas information, State policy, or White House public-line control before any promotion.","Save exact History.state.gov search, broad topical search, checked date, result count, and duplicate ruling.","PULL-009","DKT-001; DKT-005; DKT-008","https://catalog.archives.gov/id/509549657","https://history.state.gov/search?q=%22Memorandum%20to%20Philleo%20Nash%20from%20Leo%20C.%20Rosten%22","FDR Library via NARA Catalog, Philleo Nash Papers, Office of War Information Files, Rumors memoranda for editors and publishers, NAID 509549657."
"CHR-006","DOC50-042","1942-12-01","1942-1945","Creating War Information","White House OWI oversight and intelligence surveys","White House control","High","Folder/item source copy needed","FDR Library / NARA Catalog","President's Secretary's File","NAID 16609748","Office of War Information confidential file","White House control cluster; use before or beside agency records when FDR routing or oversight is visible.","Pull folder-level source copies and identify FDR action, White House routing, or relation to State/OWI decisions.","Save exact History.state.gov search, broad topical search, checked date, result count, and duplicate ruling.","PULL-008","DKT-001; DKT-005; DKT-008; DKT-007","https://catalog.archives.gov/id/16609748","https://history.state.gov/search?q=%22Office%20of%20War%20Information%20confidential%20file%22","FDR Library via NARA Catalog, President's Secretary's File, Confidential Files, Office of War Information, NAID 16609748."
"CHR-007","DOC50-045","1942-12-01","December 1942","Creating War Information","White House OWI oversight and intelligence surveys","White House control","Medium","Folder/item source copy needed","FDR Library / NARA Catalog","President's Secretary's File","NAID 16620625","Office of War Information - Survey of Intelligence, December 1942","White House control cluster; use before or beside agency records when FDR routing or oversight is visible.","Pull folder-level source copies and identify FDR action, White House routing, or relation to State/OWI decisions.","Save exact History.state.gov search, broad topical search, checked date, result count, and duplicate ruling.","PULL-008","DKT-001; DKT-005; DKT-008; DKT-007","https://catalog.archives.gov/id/16620625","https://history.state.gov/search?q=%22Office%20of%20War%20Information%20-%20Survey%20of%20Intelligence%2C%20December%201942%22","FDR Library via NARA Catalog, President's Secretary's File, Subject Files, Office of War Information - Survey of Intelligence, December 1942, NAID 16620625."
"CHR-008","DOC50-047","1943-04-30","October 1942-April 1943","Prewar Information Policy","Rumor-control boundary review","Boundary memo","Low","Boundary ruling needed","FDR Library / NARA Catalog","Philleo Nash Papers","NAID 509549751","Letter to Warren B. Walsh from Leo C. Rosten, with attachments","Domestic morale boundary check; promote only if foreign-audience or State policy consequence appears.","Review the source copy for foreign-audience, overseas information, State policy, or White House public-line control before any promotion.","Save exact History.state.gov search, broad topical search, checked date, result count, and duplicate ruling.","PULL-009","DKT-001; DKT-005; DKT-008","https://catalog.archives.gov/id/509549751","https://history.state.gov/search?q=%22Letter%20to%20Warren%20B.%20Walsh%20from%20Leo%20C.%20Rosten%22","FDR Library via NARA Catalog, Philleo Nash Papers, Office of War Information Files, Rumors-Syracuse University Rumor Clinic, NAID 509549751."
"CHR-009","DOC50-019","1943-05-01","May 1943","OWI Overseas and VOA","Poland weekly propaganda directive boundary test","Policy guidance","Critical","Source copy needed","NARA","RG 208","NAID 6851138","Weekly Propaganda Directive: Poland","Boundary appendix or hold unless State/OWI diplomatic policy significance is proven.","Pull directive source copy, extract issuing office and target themes, then pair with implementation or reaction evidence before promotion.","Save exact History.state.gov search, broad topical search, checked date, result count, and duplicate ruling.","","DKT-001; DKT-005; DKT-008; DKT-004","https://catalog.archives.gov/id/6851138","https://history.state.gov/search?q=%22Weekly%20Propaganda%20Directive%3A%20Poland%22","NARA RG 208, Records of the Office of War Information, Record Set of Policy Directives, Regional Directives-May 1943, NAID 6851138."
"CHR-010","DOC50-031","1943-09-01","September 1943-June 1944","Creating War Information","Allied and interagency directive coordination","Policy coordination","High","Source copy needed","NARA","RG 208","NAID 4732416","OWI-OSS Relations","Coordination sequence after core directives; use to explain Allied, OSS, London, and Moscow boundaries.","Pull directive source copy, extract issuing office and target themes, then pair with implementation or reaction evidence before promotion.","Save exact History.state.gov search, broad topical search, checked date, result count, and duplicate ruling.","PULL-004","DKT-001; DKT-005; DKT-008; DKT-004","https://catalog.archives.gov/id/4732416","https://history.state.gov/search?q=%22OWI-OSS%20Relations%22","NARA RG 208, Record Set of Policy Directives, OWI-OSS Relations-September 1943-June 1944, NAID 4732416."
"CHR-011","DOC50-030","1943-10-01","October 1943-September 1945","OWI Overseas and VOA","Allied and interagency directive coordination","Policy coordination","High","Source copy needed","NARA","RG 208","NAID 4732413","Special Guidances-Moscow Cables on Directives","Coordination sequence after core directives; use to explain Allied, OSS, London, and Moscow boundaries.","Pull directive source copy, extract issuing office and target themes, then pair with implementation or reaction evidence before promotion.","Save exact History.state.gov search, broad topical search, checked date, result count, and duplicate ruling.","PULL-004","DKT-001; DKT-005; DKT-008; DKT-004","https://catalog.archives.gov/id/4732413","https://history.state.gov/search?q=%22Special%20Guidances-Moscow%20Cables%20on%20Directives%22","NARA RG 208, Record Set of Policy Directives, Special Guidances-Moscow Cables on Directives-October 1943-September 1945, NAID 4732413."
"CHR-012","DOC50-050","1943-12-31","1941-1943","Hemisphere and Cultural Exchange","OIAA radio operations and reaction evidence","Reception / operations evidence","High","Item selection needed","NARA","RG 229","NAID 2102898","Radio Division Reports and Issuances","Hemisphere radio/OIAA cluster; pair State cable, post evidence, and OIAA radio reaction before promotion.","Itemize the file unit and pair radio operation or reaction evidence with RG 59/RG 84 State documentation.","Save exact History.state.gov search, broad topical search, checked date, result count, and duplicate ruling.","PULL-007","DKT-001; DKT-005; DKT-008; DKT-003; DKT-006","https://catalog.archives.gov/id/2102898","https://history.state.gov/search?q=%22Radio%20Division%20Reports%20and%20Issuances%22","NARA RG 229, Office of the Coordinator of Inter-American Affairs, Department of Information, Radio Division, Reports and Issuances, NAID 2102898."
"CHR-013","DOC50-032","1944-01-01","January-December 1944","OWI Overseas and VOA","Allied and interagency directive coordination","Policy coordination","Medium","Source copy needed","NARA","RG 208","NAID 4732424","Political Warfare Executive Central Directives","Coordination sequence after core directives; use to explain Allied, OSS, London, and Moscow boundaries.","Pull directive source copy, extract issuing office and target themes, then pair with implementation or reaction evidence before promotion.","Save exact History.state.gov search, broad topical search, checked date, result count, and duplicate ruling.","PULL-004","DKT-001; DKT-005; DKT-008; DKT-004","https://catalog.archives.gov/id/4732424","https://history.state.gov/search?q=%22Political%20Warfare%20Executive%20Central%20Directives%22%20%221944%22","NARA RG 208, Record Set of Policy Directives, Political Warfare Executive Central Directives-January-December 1944, NAID 4732424."
"CHR-014","DOC50-038","1944-01-01","1944-1945","OWI Overseas and VOA","War Department propaganda boundary review","Boundary directive","Medium","Boundary ruling needed","NARA","RG 165","NAID 2149198","Weekly Propaganda Directive Office of War Information Sweden","Boundary appendix or hold unless State/OWI diplomatic policy significance is proven.","Apply the boundary rule: promote only if the record shows State/OWI coordination, diplomatic controversy, or public-diplomacy policy beyond tactical warfare.","Save exact History.state.gov search, broad topical search, checked date, result count, and duplicate ruling.","PULL-010","DKT-001; DKT-005; DKT-008; DKT-004","https://catalog.archives.gov/id/2149198","https://history.state.gov/search?q=%22Weekly%20Propaganda%20Directive%20Office%20of%20War%20Information%20Sweden%22","NARA RG 165, Weekly Propaganda Directive Office of War Information Sweden, NAID 2149198."
"CHR-015","DOC50-039","1944-01-01","1944-1945","OWI Overseas and VOA","War Department propaganda boundary review","Boundary directive","Medium","Boundary ruling needed","NARA","RG 165","NAID 2149195","Weekly Propaganda Directive Office of War Information Iberia","Boundary appendix or hold unless State/OWI diplomatic policy significance is proven.","Apply the boundary rule: promote only if the record shows State/OWI coordination, diplomatic controversy, or public-diplomacy policy beyond tactical warfare.","Save exact History.state.gov search, broad topical search, checked date, result count, and duplicate ruling.","PULL-010","DKT-001; DKT-005; DKT-008; DKT-004","https://catalog.archives.gov/id/2149195","https://history.state.gov/search?q=%22Weekly%20Propaganda%20Directive%20Office%20of%20War%20Information%20Iberia%22","NARA RG 165, Weekly Propaganda Directive Office of War Information Iberia, NAID 2149195."
"CHR-016","DOC50-040","1944-01-01","1944-1945","OWI Overseas and VOA","War Department propaganda boundary review","Boundary directive","Medium","Boundary ruling needed","NARA","RG 165","NAID 2149196","Weekly Propaganda Directive Office of War Information Norway, Netherlands, Middle East","Boundary appendix or hold unless State/OWI diplomatic policy significance is proven.","Apply the boundary rule: promote only if the record shows State/OWI coordination, diplomatic controversy, or public-diplomacy policy beyond tactical warfare.","Save exact History.state.gov search, broad topical search, checked date, result count, and duplicate ruling.","PULL-010","DKT-001; DKT-005; DKT-008; DKT-004","https://catalog.archives.gov/id/2149196","https://history.state.gov/search?q=%22Weekly%20Propaganda%20Directive%20Office%20of%20War%20Information%20Norway%20Netherlands%20Middle%20East%22","NARA RG 165, Weekly Propaganda Directive Office of War Information Norway, Netherlands, Middle East #39, NAID 2149196."
"CHR-017","DOC50-033","1944-05-01","May-June 1944","OWI Overseas and VOA","Allied and interagency directive coordination","Policy coordination","High","Source copy needed","NARA","RG 208","NAID 4732319","Central Directives-May-June 1944","Coordination sequence after core directives; use to explain Allied, OSS, London, and Moscow boundaries.","Pull directive source copy, extract issuing office and target themes, then pair with implementation or reaction evidence before promotion.","Save exact History.state.gov search, broad topical search, checked date, result count, and duplicate ruling.","PULL-004","DKT-001; DKT-005; DKT-008; DKT-004","https://catalog.archives.gov/id/4732319","https://history.state.gov/search?q=%22Central%20Directives-May-June%201944%22%20OWI","NARA RG 208, Record Set of Policy Directives, Central Directives-May-June 1944, NAID 4732319."
"CHR-018","DOC50-036","1944-06-30","June 30, 1944","OWI Overseas and VOA","War Department propaganda boundary review","Boundary directive","High","Boundary ruling needed","NARA","RG 165","NAID 2149194","Weekly Propaganda Directive Office of War Information Germany","Boundary appendix or hold unless State/OWI diplomatic policy significance is proven.","Apply the boundary rule: promote only if the record shows State/OWI coordination, diplomatic controversy, or public-diplomacy policy beyond tactical warfare.","Save exact History.state.gov search, broad topical search, checked date, result count, and duplicate ruling.","PULL-010","DKT-001; DKT-005; DKT-008; DKT-004","https://catalog.archives.gov/id/2149194","https://history.state.gov/search?q=%22Weekly%20Propaganda%20Directive%20Office%20of%20War%20Information%20Germany%22","NARA RG 165, Weekly Propaganda Directive Office of War Information Germany June 30, 1944, NAID 2149194."
"CHR-019","DOC50-029","1944-07-01","July 1944-February 1945","OWI Overseas and VOA","Allied and interagency directive coordination","Policy coordination","High","Source copy needed","NARA","RG 208","NAID 4732414","Special Guidances-London Policy Directives","Coordination sequence after core directives; use to explain Allied, OSS, London, and Moscow boundaries.","Pull directive source copy, extract issuing office and target themes, then pair with implementation or reaction evidence before promotion.","Save exact History.state.gov search, broad topical search, checked date, result count, and duplicate ruling.","PULL-004","DKT-001; DKT-005; DKT-008; DKT-004","https://catalog.archives.gov/id/4732414","https://history.state.gov/search?q=%22Special%20Guidances-London%20Policy%20Directives%22","NARA RG 208, Record Set of Policy Directives, Special Guidances-London Policy Directives-July 1944-February 1945, NAID 4732414."
"CHR-020","DOC50-010","1944-07-08","July 8, 1944","OWI Overseas and VOA","OWI overseas reporting and field information work","State cable / implementation","High","Source copy needed","NARA","RG 59","103.9166/7-844; M973 roll 607, image 0500","The Iceland Outpost: Analysis of an Informational Operation","OWI overseas cluster; pair Washington guidance with post reporting or foreign-reaction evidence.","Request the underlying Central Decimal File source copy, then record author/post, recipient, enclosures, routing, and exact FRUS duplicate proof.","Save exact History.state.gov search, broad topical search, checked date, result count, and duplicate ruling.","PULL-001","DKT-001; DKT-005; DKT-008; DKT-002; DKT-006","https://catalog.archives.gov/id/88176221","https://history.state.gov/search?q=%22The%20Iceland%20Outpost%22","NARA RG 59, Purport Lists and Cards, NAID 88176221, M973-607-0500."
"CHR-021","DOC50-011","1944-07-09","July 9, 1944","OWI Overseas and VOA","OWI overseas reporting and field information work","State cable / implementation","Medium","Source copy needed","NARA","RG 59","103.9166/7-944; M973 roll 607, image 0500","Switzerland telegram carrying OWI message on prewar Bern-Rome communications","OWI overseas cluster; pair Washington guidance with post reporting or foreign-reaction evidence.","Request the underlying Central Decimal File source copy, then record author/post, recipient, enclosures, routing, and exact FRUS duplicate proof.","Save exact History.state.gov search, broad topical search, checked date, result count, and duplicate ruling.","PULL-001","DKT-001; DKT-005; DKT-008; DKT-002; DKT-006","https://catalog.archives.gov/id/88176221","https://history.state.gov/search?q=%22Bern-Rome%20communications%22%20OWI","NARA RG 59, Purport Lists and Cards, NAID 88176221, M973-607-0500."
"CHR-022","DOC50-009","1944-07-10","July 10, 1944","OWI Overseas and VOA","OWI overseas reporting and field information work","State cable / implementation","Medium","Source copy needed","NARA","RG 59","103.9166/7-1044; M973 roll 607, image 0500","Dakar telegram to Motion Picture Radio Division advising United Newsreel 108 arrived","OWI overseas cluster; pair Washington guidance with post reporting or foreign-reaction evidence.","Request the underlying Central Decimal File source copy, then record author/post, recipient, enclosures, routing, and exact FRUS duplicate proof.","Save exact History.state.gov search, broad topical search, checked date, result count, and duplicate ruling.","PULL-001","DKT-001; DKT-005; DKT-008; DKT-002; DKT-006","https://catalog.archives.gov/id/88176221","https://history.state.gov/search?q=%22United%20Newsreel%20108%22","NARA RG 59, Purport Lists and Cards, NAID 88176221, M973-607-0500."
"CHR-023","DOC50-012","1944-08-08","August 8, 1944","OWI Overseas and VOA","OWI overseas reporting and field information work","State cable / implementation","High","Source copy needed","NARA","RG 59","103.9166/8-844; M973 roll 607, image 0550","Manchester dispatch enclosing notices on the OWI Information Center Unit","OWI overseas cluster; pair Washington guidance with post reporting or foreign-reaction evidence.","Request the underlying Central Decimal File source copy, then record author/post, recipient, enclosures, routing, and exact FRUS duplicate proof.","Save exact History.state.gov search, broad topical search, checked date, result count, and duplicate ruling.","PULL-001","DKT-001; DKT-005; DKT-008; DKT-002; DKT-006","https://catalog.archives.gov/id/88176221","https://history.state.gov/search?q=%22Information%20Center%20Unit%22%20Manchester%20OWI","NARA RG 59, Purport Lists and Cards, NAID 88176221, M973-607-0550."
"CHR-024","DOC50-013","1944-08-08","August 8, 1944","OWI Overseas and VOA","OWI overseas reporting and field information work","State cable / implementation","Medium","Source copy needed","NARA","RG 59","103.9166/8-844; M973 roll 607, image 0550","Manchester Press Attache report for the week ending August 5, 1944","OWI overseas cluster; pair Washington guidance with post reporting or foreign-reaction evidence.","Request the underlying Central Decimal File source copy, then record author/post, recipient, enclosures, routing, and exact FRUS duplicate proof.","Save exact History.state.gov search, broad topical search, checked date, result count, and duplicate ruling.","PULL-001","DKT-001; DKT-005; DKT-008; DKT-002; DKT-006","https://catalog.archives.gov/id/88176221","https://history.state.gov/search?q=%22Manchester%20Press%20Attache%22%20%22August%205%2C%201944%22","NARA RG 59, Purport Lists and Cards, NAID 88176221, M973-607-0550."
"CHR-025","DOC50-034","1944-09-01","September 1944","OWI Overseas and VOA","Allied and interagency directive coordination","Policy coordination","Medium","Source copy needed","NARA","RG 208","NAID 4732351","Regional Directives-September 1944","Coordination sequence after core directives; use to explain Allied, OSS, London, and Moscow boundaries.","Pull directive source copy, extract issuing office and target themes, then pair with implementation or reaction evidence before promotion.","Save exact History.state.gov search, broad topical search, checked date, result count, and duplicate ruling.","PULL-004","DKT-001; DKT-005; DKT-008; DKT-004","https://catalog.archives.gov/id/4732351","https://history.state.gov/search?q=%22Regional%20Directives-September%201944%22%20OWI","NARA RG 208, Record Set of Policy Directives, Regional Directives-September 1944, NAID 4732351."
"CHR-026","DOC50-014","1944-09-02","September 2, 1944","OWI Overseas and VOA","OWI overseas reporting and field information work","State cable / implementation","Critical","Source copy needed","NARA","RG 59","103.9166/9-244; M973 roll 607, image 0600","Naples telegram on the present state of OWI thinking with regard to Balkan affairs","OWI overseas cluster; pair Washington guidance with post reporting or foreign-reaction evidence.","Request the underlying Central Decimal File source copy, then record author/post, recipient, enclosures, routing, and exact FRUS duplicate proof.","Save exact History.state.gov search, broad topical search, checked date, result count, and duplicate ruling.","PULL-001","DKT-001; DKT-005; DKT-008; DKT-002; DKT-006","https://catalog.archives.gov/id/88176221","https://history.state.gov/search?q=%22OWI%27s%20thinking%22%20%22Balkan%20affairs%22","NARA RG 59, Purport Lists and Cards, NAID 88176221, M973-607-0600."
"CHR-027","DOC50-015","1944-09-02","September 2, 1944","OWI Overseas and VOA","OWI overseas reporting and field information work","State cable / implementation","Critical","Source copy needed","NARA","RG 59","103.9166/9-244; M973 roll 607, image 0600","Switzerland telegram submitting suggestions for Allied propaganda for Italy","OWI overseas cluster; pair Washington guidance with post reporting or foreign-reaction evidence.","Request the underlying Central Decimal File source copy, then record author/post, recipient, enclosures, routing, and exact FRUS duplicate proof.","Save exact History.state.gov search, broad topical search, checked date, result count, and duplicate ruling.","PULL-001","DKT-001; DKT-005; DKT-008; DKT-002; DKT-006","https://catalog.archives.gov/id/88176221","https://history.state.gov/search?q=%22suggestions%20for%20allied%20propaganda%20for%20Italy%22","NARA RG 59, Purport Lists and Cards, NAID 88176221, M973-607-0600."
"CHR-028","DOC50-016","1944-09-02","September 2, 1944","OWI Overseas and VOA","OWI overseas reporting and field information work","State cable / implementation","High","Source copy needed","NARA","RG 59","103.9166/9-244; M973 roll 607, image 0600","Suva telegram summarizing a Central Directive from OWI","OWI overseas cluster; pair Washington guidance with post reporting or foreign-reaction evidence.","Request the underlying Central Decimal File source copy, then record author/post, recipient, enclosures, routing, and exact FRUS duplicate proof.","Save exact History.state.gov search, broad topical search, checked date, result count, and duplicate ruling.","PULL-001","DKT-001; DKT-005; DKT-008; DKT-002; DKT-006","https://catalog.archives.gov/id/88176221","https://history.state.gov/search?q=%22Summary%20of%20Central%20Directive%20from%20OWI%22","NARA RG 59, Purport Lists and Cards, NAID 88176221, M973-607-0600."
"CHR-029","DOC50-001","1944-09-09","September 9-11, 1944","Hemisphere and Cultural Exchange","CIAA shortwave, films, and hemispheric information service","State cable / implementation","High","Source copy needed","NARA","RG 59","103.9161/9-944; M973 roll 607, image 0095","CIAA circular announcing morning and noon Spanish-language shortwave service","Hemisphere radio/OIAA cluster; pair State cable, post evidence, and OIAA radio reaction before promotion.","Request the underlying Central Decimal File source copy, then record author/post, recipient, enclosures, routing, and exact FRUS duplicate proof.","Save exact History.state.gov search, broad topical search, checked date, result count, and duplicate ruling.","PULL-002; PULL-007","DKT-001; DKT-005; DKT-008; DKT-003; DKT-006","https://catalog.archives.gov/id/88176221","https://history.state.gov/search?q=%22103.9161%2F9-944%22","NARA RG 59, Purport Lists and Cards, 7/1944-12/1944: 103.91602/4-1544 - 103.9166/12-3144, NAID 88176221, M973-607-0095."
"CHR-030","DOC50-002","1944-09-21","September 21, 1944","Hemisphere and Cultural Exchange","CIAA shortwave, films, and hemispheric information service","State cable / implementation","High","Source copy needed","NARA","RG 59","103.9161/9-2144; M973 roll 607, image 0100","Dominican Republic report that WNBI broadcasts were excellent but reception varied by date","Hemisphere radio/OIAA cluster; pair State cable, post evidence, and OIAA radio reaction before promotion.","Request the underlying Central Decimal File source copy, then record author/post, recipient, enclosures, routing, and exact FRUS duplicate proof.","Save exact History.state.gov search, broad topical search, checked date, result count, and duplicate ruling.","PULL-002; PULL-007","DKT-001; DKT-005; DKT-008; DKT-003; DKT-006","https://catalog.archives.gov/id/88176221","https://history.state.gov/search?q=%22103.9161%2F9-2144%22","NARA RG 59, Purport Lists and Cards, NAID 88176221, M973-607-0100."
"CHR-031","DOC50-008","1944-09-21","September 21, 1944","Hemisphere and Cultural Exchange","CIAA shortwave, films, and hemispheric information service","State cable / implementation","Medium","Source copy needed","NARA","RG 59","103.9161/9-2144; M973 roll 607, image 0100","Costa Rica telegram enclosing Nelson Rockefeller message for Teodoro Picado","Hemisphere radio/OIAA cluster; pair State cable, post evidence, and OIAA radio reaction before promotion.","Request the underlying Central Decimal File source copy, then record author/post, recipient, enclosures, routing, and exact FRUS duplicate proof.","Save exact History.state.gov search, broad topical search, checked date, result count, and duplicate ruling.","PULL-002; PULL-007","DKT-001; DKT-005; DKT-008; DKT-003; DKT-006","https://catalog.archives.gov/id/88176221","https://history.state.gov/search?q=%22Teodoro%20Picado%22%20%22Rockefeller%22%20%221944%22","NARA RG 59, Purport Lists and Cards, NAID 88176221, M973-607-0100."
"CHR-032","DOC50-003","1944-09-22","September 22, 1944","Hemisphere and Cultural Exchange","CIAA shortwave, films, and hemispheric information service","State cable / implementation","Medium","Source copy needed","NARA","RG 59","103.9161/9-2244; M973 roll 607, image 0100","Circular to diplomatic officers requesting replies to a motion-picture questionnaire","Hemisphere radio/OIAA cluster; pair State cable, post evidence, and OIAA radio reaction before promotion.","Request the underlying Central Decimal File source copy, then record author/post, recipient, enclosures, routing, and exact FRUS duplicate proof.","Save exact History.state.gov search, broad topical search, checked date, result count, and duplicate ruling.","PULL-002; PULL-007","DKT-001; DKT-005; DKT-008; DKT-003; DKT-006","https://catalog.archives.gov/id/88176221","https://history.state.gov/search?q=%22103.9161%2F9-2244%22","NARA RG 59, Purport Lists and Cards, NAID 88176221, M973-607-0100."
"CHR-033","DOC50-004","1944-10-20","October 20, 1944","Hemisphere and Cultural Exchange","CIAA shortwave, films, and hemispheric information service","State cable / implementation","High","Source copy needed","NARA","RG 59","103.9161/10-2044; M973 roll 607, image 0110","Colombia telegram listing latest CIAA program numbers and expiration dates","Hemisphere radio/OIAA cluster; pair State cable, post evidence, and OIAA radio reaction before promotion.","Request the underlying Central Decimal File source copy, then record author/post, recipient, enclosures, routing, and exact FRUS duplicate proof.","Save exact History.state.gov search, broad topical search, checked date, result count, and duplicate ruling.","PULL-002; PULL-007","DKT-001; DKT-005; DKT-008; DKT-003; DKT-006","https://catalog.archives.gov/id/88176221","https://history.state.gov/search?q=%22103.9161%2F10-2044%22","NARA RG 59, Purport Lists and Cards, NAID 88176221, M973-607-0110."
"CHR-034","DOC50-005","1944-10-20","October 20, 1944","Hemisphere and Cultural Exchange","CIAA shortwave, films, and hemispheric information service","State cable / implementation","Medium","Source copy needed","NARA","RG 59","103.9161/10-2044; M973 roll 607, image 0110","Chile telegram reporting that no CIAA transcriptions were then in use","Hemisphere radio/OIAA cluster; pair State cable, post evidence, and OIAA radio reaction before promotion.","Request the underlying Central Decimal File source copy, then record author/post, recipient, enclosures, routing, and exact FRUS duplicate proof.","Save exact History.state.gov search, broad topical search, checked date, result count, and duplicate ruling.","PULL-002; PULL-007","DKT-001; DKT-005; DKT-008; DKT-003; DKT-006","https://catalog.archives.gov/id/88176221","https://history.state.gov/search?q=%22103.9161%2F10-2044%22","NARA RG 59, Purport Lists and Cards, NAID 88176221, M973-607-0110."
"CHR-035","DOC50-026","1944-10-28","October 28, 1944","OWI Overseas and VOA","Long-range liberation and postwar information policy","Policy guidance","High","Source copy needed","NARA","RG 208","NAID 4732375","Long-Range Directive for Czechoslovakia","Core policy-guidance sequence for liberation, occupation, neutral, and postwar information themes.","Pull directive source copy, extract issuing office and target themes, then pair with implementation or reaction evidence before promotion.","Save exact History.state.gov search, broad topical search, checked date, result count, and duplicate ruling.","PULL-003","DKT-001; DKT-005; DKT-008; DKT-004","https://catalog.archives.gov/id/4732375","https://history.state.gov/search?q=%22Long-Range%20Directive%20for%20Czechoslovakia%22","NARA RG 208, Record Set of Policy Directives, Long-Range Directive for Czechoslovakia-October 28, 1944, NAID 4732375."
"CHR-036","DOC50-017","1944-10-31","October 31, 1944","OWI Overseas and VOA","OWI overseas reporting and field information work","State cable / implementation","High","Source copy needed","NARA","RG 59","103.9166/10-3144; M973 roll 607, image 0700","Las Palmas report on Legation activities for OWI and American programs broadcast in September","OWI overseas cluster; pair Washington guidance with post reporting or foreign-reaction evidence.","Request the underlying Central Decimal File source copy, then record author/post, recipient, enclosures, routing, and exact FRUS duplicate proof.","Save exact History.state.gov search, broad topical search, checked date, result count, and duplicate ruling.","PULL-001","DKT-001; DKT-005; DKT-008; DKT-002; DKT-006","https://catalog.archives.gov/id/88176221","https://history.state.gov/search?q=%22American%20programs%20broadcast%22%20%22Las%20Palmas%22","NARA RG 59, Purport Lists and Cards, NAID 88176221, M973-607-0700."
"CHR-037","DOC50-007","1944-11-20","November 20, 1944","Hemisphere and Cultural Exchange","CIAA shortwave, films, and hemispheric information service","State cable / implementation","High","Source copy needed","NARA","RG 59","103.9161/11-2044; M973 roll 607, image 0120","Brazil telegram on proposed Hemisphere information service through CIAA","Hemisphere radio/OIAA cluster; pair State cable, post evidence, and OIAA radio reaction before promotion.","Request the underlying Central Decimal File source copy, then record author/post, recipient, enclosures, routing, and exact FRUS duplicate proof.","Save exact History.state.gov search, broad topical search, checked date, result count, and duplicate ruling.","PULL-002; PULL-007","DKT-001; DKT-005; DKT-008; DKT-003; DKT-006","https://catalog.archives.gov/id/88176221","https://history.state.gov/search?q=%22Hemisphere%20information%20service%22%20CIAA","NARA RG 59, Purport Lists and Cards, NAID 88176221, M973-607-0120."
"CHR-038","DOC50-028","1944-11-20","November 20, 1944","OWI Overseas and VOA","Long-range liberation and postwar information policy","Policy guidance","Medium","Source copy needed","NARA","RG 208","NAID 4732392","Netherlands Long Range Directive","Core policy-guidance sequence for liberation, occupation, neutral, and postwar information themes.","Pull directive source copy, extract issuing office and target themes, then pair with implementation or reaction evidence before promotion.","Save exact History.state.gov search, broad topical search, checked date, result count, and duplicate ruling.","PULL-003","DKT-001; DKT-005; DKT-008; DKT-004","https://catalog.archives.gov/id/4732392","https://history.state.gov/search?q=%22Netherlands%20Long%20Range%20Directive%22","NARA RG 208, Record Set of Policy Directives, Extra Copies of Netherlands Long Range Directive-November 20, 1944, NAID 4732392."
"CHR-039","DOC50-006","1944-11-21","November 21, 1944","Hemisphere and Cultural Exchange","CIAA shortwave, films, and hemispheric information service","State cable / implementation","High","Source copy needed","NARA","RG 59","103.9161/11-2144; M973 roll 607, image 0120","Circular transmitting changes in the English shortwave schedule","Hemisphere radio/OIAA cluster; pair State cable, post evidence, and OIAA radio reaction before promotion.","Request the underlying Central Decimal File source copy, then record author/post, recipient, enclosures, routing, and exact FRUS duplicate proof.","Save exact History.state.gov search, broad topical search, checked date, result count, and duplicate ruling.","PULL-002; PULL-007","DKT-001; DKT-005; DKT-008; DKT-003; DKT-006","https://catalog.archives.gov/id/88176221","https://history.state.gov/search?q=%22English%20short%20wave%20schedule%22","NARA RG 59, Purport Lists and Cards, NAID 88176221, M973-607-0120."
"CHR-040","DOC50-022","1944-12-05","December 5, 1944","OWI Overseas and VOA","Long-range liberation and postwar information policy","Policy guidance","High","Source copy needed","NARA","RG 208","NAID 4732381","Long Range Directive for Germany","Core policy-guidance sequence for liberation, occupation, neutral, and postwar information themes.","Pull directive source copy, extract issuing office and target themes, then pair with implementation or reaction evidence before promotion.","Save exact History.state.gov search, broad topical search, checked date, result count, and duplicate ruling.","PULL-003","DKT-001; DKT-005; DKT-008; DKT-004","https://catalog.archives.gov/id/4732381","https://history.state.gov/search?q=%22Long%20Range%20Directive%20for%20Germany%22%20%221944%22","NARA RG 208, Record Set of Policy Directives, Extra Copies of Long Range Directive for Germany-December 5, 1944, NAID 4732381."
"CHR-041","DOC50-018","1944-12-06","December 6, 1944","OWI Overseas and VOA","OWI overseas reporting and field information work","State cable / implementation","Medium","Source copy needed","NARA","RG 59","103.9166/12-644; M973 roll 607, image 0750","New Zealand report on informational activities on behalf of OWI, September-October 1944","OWI overseas cluster; pair Washington guidance with post reporting or foreign-reaction evidence.","Request the underlying Central Decimal File source copy, then record author/post, recipient, enclosures, routing, and exact FRUS duplicate proof.","Save exact History.state.gov search, broad topical search, checked date, result count, and duplicate ruling.","PULL-001","DKT-001; DKT-005; DKT-008; DKT-002; DKT-006","https://catalog.archives.gov/id/88176221","https://history.state.gov/search?q=%22informational%20activities%22%20%22Office%20of%20War%20Information%22%20%22New%20Zealand%22","NARA RG 59, Purport Lists and Cards, NAID 88176221, M973-607-0750."
"CHR-042","DOC50-027","1944-12-06","December 6, 1944","OWI Overseas and VOA","Long-range liberation and postwar information policy","Policy guidance","High","Source copy needed","NARA","RG 208","NAID 4732402","Long-Range Guidance-Switzerland","Core policy-guidance sequence for liberation, occupation, neutral, and postwar information themes.","Pull directive source copy, extract issuing office and target themes, then pair with implementation or reaction evidence before promotion.","Save exact History.state.gov search, broad topical search, checked date, result count, and duplicate ruling.","PULL-003","DKT-001; DKT-005; DKT-008; DKT-004","https://catalog.archives.gov/id/4732402","https://history.state.gov/search?q=%22Long-Range%20Guidance-Switzerland%22","NARA RG 208, Record Set of Policy Directives, Long-Range Guidance-Switzerland-December 6, 1944, NAID 4732402."
"CHR-043","DOC50-037","1945-01-12","January 12, 1945","OWI Overseas and VOA","War Department propaganda boundary review","Boundary directive","Medium","Boundary ruling needed","NARA","RG 165","NAID 2149191","Weekly Propaganda Directive Office of War Information Czechoslovakia","Boundary appendix or hold unless State/OWI diplomatic policy significance is proven.","Apply the boundary rule: promote only if the record shows State/OWI coordination, diplomatic controversy, or public-diplomacy policy beyond tactical warfare.","Save exact History.state.gov search, broad topical search, checked date, result count, and duplicate ruling.","PULL-010","DKT-001; DKT-005; DKT-008; DKT-004","https://catalog.archives.gov/id/2149191","https://history.state.gov/search?q=%22Weekly%20Propaganda%20Directive%20Office%20of%20War%20Information%20Czechoslovakia%22","NARA RG 165, Weekly Propaganda Directive Office of War Information Czechoslovakia January 12, 1945, NAID 2149191."
"CHR-044","DOC50-035","1945-01-30","January 30, 1945","OWI Overseas and VOA","Long-range liberation and postwar information policy","Policy guidance","Medium","Source copy needed","NARA","RG 208","NAID 4732400","Long-Range Policy Directive for Thailand","Core policy-guidance sequence for liberation, occupation, neutral, and postwar information themes.","Pull directive source copy, extract issuing office and target themes, then pair with implementation or reaction evidence before promotion.","Save exact History.state.gov search, broad topical search, checked date, result count, and duplicate ruling.","PULL-003","DKT-001; DKT-005; DKT-008; DKT-004","https://catalog.archives.gov/id/4732400","https://history.state.gov/search?q=%22Long-Range%20Policy%20Directive%20for%20Thailand%22","NARA RG 208, Record Set of Policy Directives, Long-Range Policy Directive for Thailand-January 30, 1945, NAID 4732400."
"CHR-045","DOC50-025","1945-02-23","February 23, 1945","Peace Aims and Handoff","Long-range liberation and postwar information policy","Policy guidance","High","Source copy needed","NARA","RG 208","NAID 4732395","Long-Range Policy Guidance-Poland","Core policy-guidance sequence for liberation, occupation, neutral, and postwar information themes.","Pull directive source copy, extract issuing office and target themes, then pair with implementation or reaction evidence before promotion.","Save exact History.state.gov search, broad topical search, checked date, result count, and duplicate ruling.","PULL-003","DKT-001; DKT-005; DKT-008; DKT-004","https://catalog.archives.gov/id/4732395","https://history.state.gov/search?q=%22Long-Range%20Policy%20Guidance-Poland%22","NARA RG 208, Record Set of Policy Directives, Long-Range Policy Guidance-Poland-February 23, 1945, NAID 4732395."
"CHR-046","DOC50-024","1945-04-12","April 12, 1945","Peace Aims and Handoff","Long-range liberation and postwar information policy","Policy guidance","High","Source copy needed","NARA","RG 208","NAID 4732367","Long-Range Policy Directive-Austria","Core policy-guidance sequence for liberation, occupation, neutral, and postwar information themes.","Pull directive source copy, extract issuing office and target themes, then pair with implementation or reaction evidence before promotion.","Save exact History.state.gov search, broad topical search, checked date, result count, and duplicate ruling.","PULL-003","DKT-001; DKT-005; DKT-008; DKT-004","https://catalog.archives.gov/id/4732367","https://history.state.gov/search?q=%22Long-Range%20Policy%20Directive-Austria%22","NARA RG 208, Record Set of Policy Directives, Long-Range Policy Directive-Austria-April 12, 1945, NAID 4732367."
"CHR-047","DOC50-023","1945-04-18","April 18, 1945","Peace Aims and Handoff","Long-range liberation and postwar information policy","Policy guidance","High","Source copy needed","NARA","RG 208","NAID 4732378","Long-Range Directive-France","Core policy-guidance sequence for liberation, occupation, neutral, and postwar information themes.","Pull directive source copy, extract issuing office and target themes, then pair with implementation or reaction evidence before promotion.","Save exact History.state.gov search, broad topical search, checked date, result count, and duplicate ruling.","PULL-003","DKT-001; DKT-005; DKT-008; DKT-004","https://catalog.archives.gov/id/4732378","https://history.state.gov/search?q=%22Long-Range%20Directive-France%22","NARA RG 208, Record Set of Policy Directives, Long-Range Directive-France-April 18, 1945, NAID 4732378."
"CHR-048","DOC50-020","1945-04-26","April 26, 1945","Peace Aims and Handoff","Long-range liberation and postwar information policy","Policy guidance","Critical","Source copy needed","NARA","RG 208","NAID 4732380","Basic Policy Directive for Information in Germany","Core policy-guidance sequence for liberation, occupation, neutral, and postwar information themes.","Pull directive source copy, extract issuing office and target themes, then pair with implementation or reaction evidence before promotion.","Save exact History.state.gov search, broad topical search, checked date, result count, and duplicate ruling.","PULL-003","DKT-001; DKT-005; DKT-008; DKT-004","https://catalog.archives.gov/id/4732380","https://history.state.gov/search?q=%22Basic%20Policy%20Directive%20for%20Information%20in%20Germany%22","NARA RG 208, Record Set of Policy Directives, Basic Policy Directive for Information in Germany-April 26, 1945, NAID 4732380."
"CHR-049","DOC50-021","1945-05-29","May 29, 1945","Peace Aims and Handoff","Long-range liberation and postwar information policy","Policy guidance","Critical","Source copy needed","NARA","RG 208","NAID 4732379","Directive on Basic Themes for Output to Germany","Core policy-guidance sequence for liberation, occupation, neutral, and postwar information themes.","Pull directive source copy, extract issuing office and target themes, then pair with implementation or reaction evidence before promotion.","Save exact History.state.gov search, broad topical search, checked date, result count, and duplicate ruling.","PULL-003","DKT-001; DKT-005; DKT-008; DKT-004","https://catalog.archives.gov/id/4732379","https://history.state.gov/search?q=%22Directive%20on%20Basic%20Themes%20for%20Output%20to%20Germany%22","NARA RG 208, Record Set of Policy Directives, Directive on Basic Themes for Output to Germany-May 29, 1945, NAID 4732379."
"CHR-050","DOC50-049","1945-12-31","1945","Hemisphere and Cultural Exchange","OIAA radio operations and reaction evidence","Reception / operations evidence","High","Item selection needed","NARA","RG 229","NAID 2102897","Radio Division Resume of Operations","Hemisphere radio/OIAA cluster; pair State cable, post evidence, and OIAA radio reaction before promotion.","Itemize the file unit and pair radio operation or reaction evidence with RG 59/RG 84 State documentation.","Save exact History.state.gov search, broad topical search, checked date, result count, and duplicate ruling.","PULL-007","DKT-001; DKT-005; DKT-008; DKT-003; DKT-006","https://catalog.archives.gov/id/2102897","https://history.state.gov/search?q=%22Radio%20Division%20Resume%20of%20Operations%22","NARA RG 229, Office of Inter-American Affairs, Department of Information, Radio Division, Resume of Operations, NAID 2102897."
