Duplicate ID,Candidate ID,Chronology ID,Priority,Duplicate Risk,Recommended Ruling,Lane,Date,Title,Repository,Record Group,Source Locator,Exact Search URL,Exact Result Count,Broad Search Query,Broad Search URL,Broad Result Count,Checked Date,Duplicate Status,Final Ruling,Compiler Notes,Audit Task,Related Pull Sheets,Related Docket,Catalog URL,Source Note
DUP-001,DOC50-041,CHR-001,High,Medium duplicate risk,Unchecked - proof required before promotion,Creating War Information,1942-1944,"Office of War Information, 1942-1944",FDR Library / NARA Catalog,President's Secretary's File,NAID 16620603,https://history.state.gov/search?q=%22Office%20of%20War%20Information%2C%201942-1944%22,0,1942-1944 Office of War Information 1942,https://history.state.gov/search?q=1942-1944%20Office%20of%20War%20Information%201942,"",2026-06-02,Exact public FRUS screen checked; broad search and final ruling still open,"","Exact History.state.gov title/file-number screen returned no public result on 2026-06-02. Do not promote until broad search count, source-copy review, and final duplicate ruling are complete.",Exact public FRUS screen is logged with result count 0 and checked date 2026-06-02; save broad topical search result count and final duplicate ruling before promotion.,PULL-008,DKT-001; DKT-005; DKT-008; DKT-007,https://catalog.archives.gov/id/16620603,"Source: Franklin D. Roosevelt Library, President's Secretary's File, Subject Files, Office of War Information, 1942-1944, NAID 16620603."
DUP-002,DOC50-048,CHR-002,High,Medium duplicate risk,Hold until item-level duplicate check,Hemisphere and Cultural Exchange,1942,Radio Reaction Reports,NARA,RG 229,NAID 782735,https://history.state.gov/search?q=%22Radio%20Reaction%20Reports%22%20%22Inter-American%22,0,Radio Reaction Inter-American Affairs radio 1942,https://history.state.gov/search?q=Radio%20Reaction%20Inter-American%20Affairs%20radio%201942,"",2026-06-02,Exact public FRUS screen checked; broad search and final ruling still open,"","Exact History.state.gov title/file-number screen returned no public result on 2026-06-02. Do not promote until broad search count, source-copy review, and final duplicate ruling are complete.",Exact public FRUS screen is logged with result count 0 and checked date 2026-06-02; save broad topical search result count and final duplicate ruling before promotion.,PULL-007,DKT-001; DKT-005; DKT-008; DKT-003; DKT-006,https://catalog.archives.gov/id/782735,"Source: National Archives, RG 229, Records of the Office of the Coordinator of Inter-American Affairs, Department of Information, Radio Division, Radio Reaction Reports, NAID 782735."
DUP-003,DOC50-043,CHR-003,Medium,Low duplicate risk,Unchecked - proof required before promotion,Creating War Information,June 1942,"Office of War Information - Survey of Intelligence, June 1942",FDR Library / NARA Catalog,President's Secretary's File,NAID 16620611,https://history.state.gov/search?q=%22Office%20of%20War%20Information%20-%20Survey%20of%20Intelligence%2C%20June%201942%22,0,Survey Intelligence June 1942 Office of War Information 1942,https://history.state.gov/search?q=Survey%20Intelligence%20June%201942%20Office%20of%20War%20Information%201942,"",2026-06-02,Exact public FRUS screen checked; broad search and final ruling still open,"","Exact History.state.gov title/file-number screen returned no public result on 2026-06-02. Do not promote until broad search count, source-copy review, and final duplicate ruling are complete.",Exact public FRUS screen is logged with result count 0 and checked date 2026-06-02; save broad topical search result count and final duplicate ruling before promotion.,PULL-008,DKT-001; DKT-005; DKT-008; DKT-007,https://catalog.archives.gov/id/16620611,"Source: Franklin D. Roosevelt Library, President's Secretary's File, Subject Files, Office of War Information - Survey of Intelligence, June 1942, NAID 16620611."
DUP-004,DOC50-044,CHR-004,Medium,Low duplicate risk,Unchecked - proof required before promotion,Creating War Information,August 1942,"Office of War Information - Survey of Intelligence, August 1942",FDR Library / NARA Catalog,President's Secretary's File,NAID 16620616,https://history.state.gov/search?q=%22Office%20of%20War%20Information%20-%20Survey%20of%20Intelligence%2C%20August%201942%22,0,Survey Intelligence August 1942 Office of War Information 1942,https://history.state.gov/search?q=Survey%20Intelligence%20August%201942%20Office%20of%20War%20Information%201942,"",2026-06-02,Exact public FRUS screen checked; broad search and final ruling still open,"","Exact History.state.gov title/file-number screen returned no public result on 2026-06-02. Do not promote until broad search count, source-copy review, and final duplicate ruling are complete.",Exact public FRUS screen is logged with result count 0 and checked date 2026-06-02; save broad topical search result count and final duplicate ruling before promotion.,PULL-008,DKT-001; DKT-005; DKT-008; DKT-007,https://catalog.archives.gov/id/16620616,"Source: Franklin D. Roosevelt Library, President's Secretary's File, Subject Files, Office of War Information - Survey of Intelligence, August 1942, NAID 16620616."
DUP-005,DOC50-046,CHR-005,Medium,Boundary duplicate risk,Hold until boundary and duplicate checks clear,Prewar Information Policy,"November 19, 1942","Memorandum to Philleo Nash from Leo C. Rosten, with attachment",FDR Library / NARA Catalog,Philleo Nash Papers,NAID 509549657,https://history.state.gov/search?q=%22Memorandum%20to%20Philleo%20Nash%20from%20Leo%20C.%20Rosten%22,0,Memorandum Philleo Nash Rosten attachment Office of War Information 1942,https://history.state.gov/search?q=Memorandum%20Philleo%20Nash%20Rosten%20attachment%20Office%20of%20War%20Information%201942,"",2026-06-02,Exact public FRUS screen checked; broad search and final ruling still open,"","Exact History.state.gov title/file-number screen returned no public result on 2026-06-02. Do not promote until broad search count, source-copy review, and final duplicate ruling are complete.",Exact public FRUS screen is logged with result count 0 and checked date 2026-06-02; save broad topical search result count and final duplicate ruling before promotion.,PULL-009,DKT-001; DKT-005; DKT-008,https://catalog.archives.gov/id/509549657,"Source: Franklin D. Roosevelt Library, Philleo Nash Papers, Office of War Information Files, Rumors memoranda for editors and publishers, NAID 509549657."
DUP-006,DOC50-042,CHR-006,High,Medium duplicate risk,Unchecked - proof required before promotion,Creating War Information,1942-1945,Office of War Information confidential file,FDR Library / NARA Catalog,President's Secretary's File,NAID 16609748,https://history.state.gov/search?q=%22Office%20of%20War%20Information%20confidential%20file%22,0,confidential Office of War Information 1942,https://history.state.gov/search?q=confidential%20Office%20of%20War%20Information%201942,"",2026-06-02,Exact public FRUS screen checked; broad search and final ruling still open,"","Exact History.state.gov title/file-number screen returned no public result on 2026-06-02. Do not promote until broad search count, source-copy review, and final duplicate ruling are complete.",Exact public FRUS screen is logged with result count 0 and checked date 2026-06-02; save broad topical search result count and final duplicate ruling before promotion.,PULL-008,DKT-001; DKT-005; DKT-008; DKT-007,https://catalog.archives.gov/id/16609748,"Source: Franklin D. Roosevelt Library, President's Secretary's File, Confidential Files, Office of War Information, NAID 16609748."
DUP-007,DOC50-045,CHR-007,Medium,Low duplicate risk,Unchecked - proof required before promotion,Creating War Information,December 1942,"Office of War Information - Survey of Intelligence, December 1942",FDR Library / NARA Catalog,President's Secretary's File,NAID 16620625,https://history.state.gov/search?q=%22Office%20of%20War%20Information%20-%20Survey%20of%20Intelligence%2C%20December%201942%22,0,Survey Intelligence December 1942 Office of War Information 1942,https://history.state.gov/search?q=Survey%20Intelligence%20December%201942%20Office%20of%20War%20Information%201942,"",2026-06-02,Exact public FRUS screen checked; broad search and final ruling still open,"","Exact History.state.gov title/file-number screen returned no public result on 2026-06-02. Do not promote until broad search count, source-copy review, and final duplicate ruling are complete.",Exact public FRUS screen is logged with result count 0 and checked date 2026-06-02; save broad topical search result count and final duplicate ruling before promotion.,PULL-008,DKT-001; DKT-005; DKT-008; DKT-007,https://catalog.archives.gov/id/16620625,"Source: Franklin D. Roosevelt Library, President's Secretary's File, Subject Files, Office of War Information - Survey of Intelligence, December 1942, NAID 16620625."
DUP-008,DOC50-047,CHR-008,Low,Boundary duplicate risk,Hold until boundary and duplicate checks clear,Prewar Information Policy,October 1942-April 1943,"Letter to Warren B. Walsh from Leo C. Rosten, with attachments",FDR Library / NARA Catalog,Philleo Nash Papers,NAID 509549751,https://history.state.gov/search?q=%22Letter%20to%20Warren%20B.%20Walsh%20from%20Leo%20C.%20Rosten%22,0,Letter Warren Walsh Rosten attachments Office of War Information 1942,https://history.state.gov/search?q=Letter%20Warren%20Walsh%20Rosten%20attachments%20Office%20of%20War%20Information%201942,"",2026-06-02,Exact public FRUS screen checked; broad search and final ruling still open,"","Exact History.state.gov title/file-number screen returned no public result on 2026-06-02. Do not promote until broad search count, source-copy review, and final duplicate ruling are complete.",Exact public FRUS screen is logged with result count 0 and checked date 2026-06-02; save broad topical search result count and final duplicate ruling before promotion.,PULL-009,DKT-001; DKT-005; DKT-008,https://catalog.archives.gov/id/509549751,"Source: Franklin D. Roosevelt Library, Philleo Nash Papers, Office of War Information Files, Rumors-Syracuse University Rumor Clinic, NAID 509549751."
DUP-009,DOC50-019,CHR-009,Critical,High duplicate risk,Unchecked - proof required before promotion,OWI Overseas and VOA,May 1943,Weekly Propaganda Directive: Poland,NARA,RG 208,NAID 6851138,https://history.state.gov/search?q=%22Weekly%20Propaganda%20Directive%3A%20Poland%22,0,Weekly Propaganda Poland Office of War Information directive 1943,https://history.state.gov/search?q=Weekly%20Propaganda%20Poland%20Office%20of%20War%20Information%20directive%201943,"",2026-06-02,Exact public FRUS screen checked; broad search and final ruling still open,"","Exact History.state.gov title/file-number screen returned no public result on 2026-06-02. Do not promote until broad search count, source-copy review, and final duplicate ruling are complete.",Exact public FRUS screen is logged with result count 0 and checked date 2026-06-02; save broad topical search result count and final duplicate ruling before promotion.,"",DKT-001; DKT-005; DKT-008; DKT-004,https://catalog.archives.gov/id/6851138,"Source: National Archives, RG 208, Records of the Office of War Information, Record Set of Policy Directives, Regional Directives-May 1943, NAID 6851138."
DUP-010,DOC50-031,CHR-010,High,Medium duplicate risk,Unchecked - proof required before promotion,Creating War Information,September 1943-June 1944,OWI-OSS Relations,NARA,RG 208,NAID 4732416,https://history.state.gov/search?q=%22OWI-OSS%20Relations%22,0,OWI-OSS Relations Office of War Information directive 1943,https://history.state.gov/search?q=OWI-OSS%20Relations%20Office%20of%20War%20Information%20directive%201943,"",2026-06-02,Exact public FRUS screen checked; broad search and final ruling still open,"","Exact History.state.gov title/file-number screen returned no public result on 2026-06-02. Do not promote until broad search count, source-copy review, and final duplicate ruling are complete.",Exact public FRUS screen is logged with result count 0 and checked date 2026-06-02; save broad topical search result count and final duplicate ruling before promotion.,PULL-004,DKT-001; DKT-005; DKT-008; DKT-004,https://catalog.archives.gov/id/4732416,"Source: National Archives, RG 208, Records of the Office of War Information, Record Set of Policy Directives, OWI-OSS Relations-September 1943-June 1944, NAID 4732416."
DUP-011,DOC50-030,CHR-011,High,Medium duplicate risk,Unchecked - proof required before promotion,OWI Overseas and VOA,October 1943-September 1945,Special Guidances-Moscow Cables on Directives,NARA,RG 208,NAID 4732413,https://history.state.gov/search?q=%22Special%20Guidances-Moscow%20Cables%20on%20Directives%22,0,Special Guidances-Moscow Cables Directives Office of War Information directive 1943,https://history.state.gov/search?q=Special%20Guidances-Moscow%20Cables%20Directives%20Office%20of%20War%20Information%20directive%201943,"",2026-06-02,Exact public FRUS screen checked; broad search and final ruling still open,"","Exact History.state.gov title/file-number screen returned no public result on 2026-06-02. Do not promote until broad search count, source-copy review, and final duplicate ruling are complete.",Exact public FRUS screen is logged with result count 0 and checked date 2026-06-02; save broad topical search result count and final duplicate ruling before promotion.,PULL-004,DKT-001; DKT-005; DKT-008; DKT-004,https://catalog.archives.gov/id/4732413,"Source: National Archives, RG 208, Records of the Office of War Information, Record Set of Policy Directives, Special Guidances-Moscow Cables on Directives-October 1943-September 1945, NAID 4732413."
DUP-012,DOC50-050,CHR-012,High,Medium duplicate risk,Hold until item-level duplicate check,Hemisphere and Cultural Exchange,1941-1943,Radio Division Reports and Issuances,NARA,RG 229,NAID 2102898,https://history.state.gov/search?q=%22Radio%20Division%20Reports%20and%20Issuances%22,0,Radio Division Issuances Inter-American Affairs radio 1941,https://history.state.gov/search?q=Radio%20Division%20Issuances%20Inter-American%20Affairs%20radio%201941,"",2026-06-02,Exact public FRUS screen checked; broad search and final ruling still open,"","Exact History.state.gov title/file-number screen returned no public result on 2026-06-02. Do not promote until broad search count, source-copy review, and final duplicate ruling are complete.",Exact public FRUS screen is logged with result count 0 and checked date 2026-06-02; save broad topical search result count and final duplicate ruling before promotion.,PULL-007,DKT-001; DKT-005; DKT-008; DKT-003; DKT-006,https://catalog.archives.gov/id/2102898,"Source: National Archives, RG 229, Records of the Office of the Coordinator of Inter-American Affairs, Department of Information, Radio Division, Reports and Issuances, NAID 2102898."
DUP-013,DOC50-032,CHR-013,Medium,Medium duplicate risk,Unchecked - proof required before promotion,OWI Overseas and VOA,January-December 1944,Political Warfare Executive Central Directives,NARA,RG 208,NAID 4732424,https://history.state.gov/search?q=%22Political%20Warfare%20Executive%20Central%20Directives%22%20%221944%22,0,Political Warfare Executive Central Directives Office of War Information directive 1944,https://history.state.gov/search?q=Political%20Warfare%20Executive%20Central%20Directives%20Office%20of%20War%20Information%20directive%201944,"",2026-06-02,Exact public FRUS screen checked; broad search and final ruling still open,"","Exact History.state.gov title/file-number screen returned no public result on 2026-06-02. Do not promote until broad search count, source-copy review, and final duplicate ruling are complete.",Exact public FRUS screen is logged with result count 0 and checked date 2026-06-02; save broad topical search result count and final duplicate ruling before promotion.,PULL-004,DKT-001; DKT-005; DKT-008; DKT-004,https://catalog.archives.gov/id/4732424,"Source: National Archives, RG 208, Records of the Office of War Information, Record Set of Policy Directives, Political Warfare Executive Central Directives-January-December 1944, NAID 4732424."
DUP-014,DOC50-038,CHR-014,Medium,Boundary duplicate risk,Hold until boundary and duplicate checks clear,OWI Overseas and VOA,1944-1945,Weekly Propaganda Directive Office of War Information Sweden,NARA,RG 165,NAID 2149198,https://history.state.gov/search?q=%22Weekly%20Propaganda%20Directive%20Office%20of%20War%20Information%20Sweden%22,0,Weekly Propaganda Sweden Office of War Information propaganda directive 1944,https://history.state.gov/search?q=Weekly%20Propaganda%20Sweden%20Office%20of%20War%20Information%20propaganda%20directive%201944,"",2026-06-02,Exact public FRUS screen checked; broad search and final ruling still open,"","Exact History.state.gov title/file-number screen returned no public result on 2026-06-02. Do not promote until broad search count, source-copy review, and final duplicate ruling are complete.",Exact public FRUS screen is logged with result count 0 and checked date 2026-06-02; save broad topical search result count and final duplicate ruling before promotion.,PULL-010,DKT-001; DKT-005; DKT-008; DKT-004,https://catalog.archives.gov/id/2149198,"Source: National Archives, RG 165, Records of the War Department General and Special Staffs, Weekly Propaganda Directive Office of War Information Sweden, NAID 2149198."
DUP-015,DOC50-039,CHR-015,Medium,Boundary duplicate risk,Hold until boundary and duplicate checks clear,OWI Overseas and VOA,1944-1945,Weekly Propaganda Directive Office of War Information Iberia,NARA,RG 165,NAID 2149195,https://history.state.gov/search?q=%22Weekly%20Propaganda%20Directive%20Office%20of%20War%20Information%20Iberia%22,0,Weekly Propaganda Iberia Office of War Information propaganda directive 1944,https://history.state.gov/search?q=Weekly%20Propaganda%20Iberia%20Office%20of%20War%20Information%20propaganda%20directive%201944,"",2026-06-02,Exact public FRUS screen checked; broad search and final ruling still open,"","Exact History.state.gov title/file-number screen returned no public result on 2026-06-02. Do not promote until broad search count, source-copy review, and final duplicate ruling are complete.",Exact public FRUS screen is logged with result count 0 and checked date 2026-06-02; save broad topical search result count and final duplicate ruling before promotion.,PULL-010,DKT-001; DKT-005; DKT-008; DKT-004,https://catalog.archives.gov/id/2149195,"Source: National Archives, RG 165, Records of the War Department General and Special Staffs, Weekly Propaganda Directive Office of War Information Iberia, NAID 2149195."
DUP-016,DOC50-040,CHR-016,Medium,Boundary duplicate risk,Hold until boundary and duplicate checks clear,OWI Overseas and VOA,1944-1945,"Weekly Propaganda Directive Office of War Information Norway, Netherlands, Middle East",NARA,RG 165,NAID 2149196,https://history.state.gov/search?q=%22Weekly%20Propaganda%20Directive%20Office%20of%20War%20Information%20Norway%20Netherlands%20Middle%20East%22,0,Weekly Propaganda Norway Netherlands Middle East Office of War Information propaganda directive 1944,https://history.state.gov/search?q=Weekly%20Propaganda%20Norway%20Netherlands%20Middle%20East%20Office%20of%20War%20Information%20propaganda%20directive%201944,"",2026-06-02,Exact public FRUS screen checked; broad search and final ruling still open,"","Exact History.state.gov title/file-number screen returned no public result on 2026-06-02. Do not promote until broad search count, source-copy review, and final duplicate ruling are complete.",Exact public FRUS screen is logged with result count 0 and checked date 2026-06-02; save broad topical search result count and final duplicate ruling before promotion.,PULL-010,DKT-001; DKT-005; DKT-008; DKT-004,https://catalog.archives.gov/id/2149196,"Source: National Archives, RG 165, Records of the War Department General and Special Staffs, Weekly Propaganda Directive Office of War Information Norway, Netherlands, Middle East #39, NAID 2149196."
DUP-017,DOC50-033,CHR-017,High,Medium duplicate risk,Unchecked - proof required before promotion,OWI Overseas and VOA,May-June 1944,Central Directives-May-June 1944,NARA,RG 208,NAID 4732319,https://history.state.gov/search?q=%22Central%20Directives-May-June%201944%22%20OWI,0,Central Directives-May-June 1944 Office of War Information directive 1944,https://history.state.gov/search?q=Central%20Directives-May-June%201944%20Office%20of%20War%20Information%20directive%201944,"",2026-06-02,Exact public FRUS screen checked; broad search and final ruling still open,"","Exact History.state.gov title/file-number screen returned no public result on 2026-06-02. Do not promote until broad search count, source-copy review, and final duplicate ruling are complete.",Exact public FRUS screen is logged with result count 0 and checked date 2026-06-02; save broad topical search result count and final duplicate ruling before promotion.,PULL-004,DKT-001; DKT-005; DKT-008; DKT-004,https://catalog.archives.gov/id/4732319,"Source: National Archives, RG 208, Records of the Office of War Information, Record Set of Policy Directives, Central Directives-May-June 1944, NAID 4732319."
DUP-018,DOC50-036,CHR-018,High,Boundary duplicate risk,Hold until boundary and duplicate checks clear,OWI Overseas and VOA,"June 30, 1944",Weekly Propaganda Directive Office of War Information Germany,NARA,RG 165,NAID 2149194,https://history.state.gov/search?q=%22Weekly%20Propaganda%20Directive%20Office%20of%20War%20Information%20Germany%22,0,Weekly Propaganda Germany Office of War Information propaganda directive 1944,https://history.state.gov/search?q=Weekly%20Propaganda%20Germany%20Office%20of%20War%20Information%20propaganda%20directive%201944,"",2026-06-02,Exact public FRUS screen checked; broad search and final ruling still open,"","Exact History.state.gov title/file-number screen returned no public result on 2026-06-02. Do not promote until broad search count, source-copy review, and final duplicate ruling are complete.",Exact public FRUS screen is logged with result count 0 and checked date 2026-06-02; save broad topical search result count and final duplicate ruling before promotion.,PULL-010,DKT-001; DKT-005; DKT-008; DKT-004,https://catalog.archives.gov/id/2149194,"Source: National Archives, RG 165, Records of the War Department General and Special Staffs, Weekly Propaganda Directive Office of War Information Germany June 30, 1944, NAID 2149194."
DUP-019,DOC50-029,CHR-019,High,Medium duplicate risk,Unchecked - proof required before promotion,OWI Overseas and VOA,July 1944-February 1945,Special Guidances-London Policy Directives,NARA,RG 208,NAID 4732414,https://history.state.gov/search?q=%22Special%20Guidances-London%20Policy%20Directives%22,0,Special Guidances-London Policy Directives Office of War Information directive 1944,https://history.state.gov/search?q=Special%20Guidances-London%20Policy%20Directives%20Office%20of%20War%20Information%20directive%201944,"",2026-06-02,Exact public FRUS screen checked; broad search and final ruling still open,"","Exact History.state.gov title/file-number screen returned no public result on 2026-06-02. Do not promote until broad search count, source-copy review, and final duplicate ruling are complete.",Exact public FRUS screen is logged with result count 0 and checked date 2026-06-02; save broad topical search result count and final duplicate ruling before promotion.,PULL-004,DKT-001; DKT-005; DKT-008; DKT-004,https://catalog.archives.gov/id/4732414,"Source: National Archives, RG 208, Records of the Office of War Information, Record Set of Policy Directives, Special Guidances-London Policy Directives-July 1944-February 1945, NAID 4732414."
DUP-020,DOC50-010,CHR-020,High,Medium duplicate risk,Unchecked - proof required before promotion,OWI Overseas and VOA,"July 8, 1944",The Iceland Outpost: Analysis of an Informational Operation,NARA,RG 59,"103.9166/7-844; M973 roll 607, image 0500",https://history.state.gov/search?q=%22The%20Iceland%20Outpost%22,0,Iceland Outpost Analysis Informational Operation OWI State 1944,https://history.state.gov/search?q=Iceland%20Outpost%20Analysis%20Informational%20Operation%20OWI%20State%201944,"",2026-06-02,Exact public FRUS screen checked; broad search and final ruling still open,"","Exact History.state.gov title/file-number screen returned no public result on 2026-06-02. Do not promote until broad search count, source-copy review, and final duplicate ruling are complete.",Exact public FRUS screen is logged with result count 0 and checked date 2026-06-02; save broad topical search result count and final duplicate ruling before promotion.,PULL-001,DKT-001; DKT-005; DKT-008; DKT-002; DKT-006,https://catalog.archives.gov/id/88176221,"Source: National Archives, RG 59, Central Decimal File 1940-1944, 103.9166/7-844."
DUP-021,DOC50-011,CHR-021,Medium,Medium duplicate risk,Unchecked - proof required before promotion,OWI Overseas and VOA,"July 9, 1944",Switzerland telegram carrying OWI message on prewar Bern-Rome communications,NARA,RG 59,"103.9166/7-944; M973 roll 607, image 0500",https://history.state.gov/search?q=%22Bern-Rome%20communications%22%20OWI,0,Switzerland telegram carrying message prewar Bern-Rome communications OWI State 1944,https://history.state.gov/search?q=Switzerland%20telegram%20carrying%20message%20prewar%20Bern-Rome%20communications%20OWI%20State%201944,"",2026-06-02,Exact public FRUS screen checked; broad search and final ruling still open,"","Exact History.state.gov title/file-number screen returned no public result on 2026-06-02. Do not promote until broad search count, source-copy review, and final duplicate ruling are complete.",Exact public FRUS screen is logged with result count 0 and checked date 2026-06-02; save broad topical search result count and final duplicate ruling before promotion.,PULL-001,DKT-001; DKT-005; DKT-008; DKT-002; DKT-006,https://catalog.archives.gov/id/88176221,"Source: National Archives, RG 59, Central Decimal File 1940-1944, 103.9166/7-944."
DUP-022,DOC50-009,CHR-022,Medium,Medium duplicate risk,Unchecked - proof required before promotion,OWI Overseas and VOA,"July 10, 1944",Dakar telegram to Motion Picture Radio Division advising United Newsreel 108 arrived,NARA,RG 59,"103.9166/7-1044; M973 roll 607, image 0500",https://history.state.gov/search?q=%22United%20Newsreel%20108%22,0,Dakar telegram Motion Picture Radio Division advising OWI State 1944,https://history.state.gov/search?q=Dakar%20telegram%20Motion%20Picture%20Radio%20Division%20advising%20OWI%20State%201944,"",2026-06-02,Exact public FRUS screen checked; broad search and final ruling still open,"","Exact History.state.gov title/file-number screen returned no public result on 2026-06-02. Do not promote until broad search count, source-copy review, and final duplicate ruling are complete.",Exact public FRUS screen is logged with result count 0 and checked date 2026-06-02; save broad topical search result count and final duplicate ruling before promotion.,PULL-001,DKT-001; DKT-005; DKT-008; DKT-002; DKT-006,https://catalog.archives.gov/id/88176221,"Source: National Archives, RG 59, Central Decimal File 1940-1944, 103.9166/7-1044."
DUP-023,DOC50-012,CHR-023,High,Medium duplicate risk,Unchecked - proof required before promotion,OWI Overseas and VOA,"August 8, 1944",Manchester dispatch enclosing notices on the OWI Information Center Unit,NARA,RG 59,"103.9166/8-844; M973 roll 607, image 0550",https://history.state.gov/search?q=%22Information%20Center%20Unit%22%20Manchester%20OWI,0,Manchester dispatch enclosing notices Center Unit OWI State 1944,https://history.state.gov/search?q=Manchester%20dispatch%20enclosing%20notices%20Center%20Unit%20OWI%20State%201944,"",2026-06-02,Exact public FRUS screen checked; broad search and final ruling still open,"","Exact History.state.gov title/file-number screen returned no public result on 2026-06-02. Do not promote until broad search count, source-copy review, and final duplicate ruling are complete.",Exact public FRUS screen is logged with result count 0 and checked date 2026-06-02; save broad topical search result count and final duplicate ruling before promotion.,PULL-001,DKT-001; DKT-005; DKT-008; DKT-002; DKT-006,https://catalog.archives.gov/id/88176221,"Source: National Archives, RG 59, Central Decimal File 1940-1944, 103.9166/8-844."
DUP-024,DOC50-013,CHR-024,Medium,Medium duplicate risk,Unchecked - proof required before promotion,OWI Overseas and VOA,"August 8, 1944","Manchester Press Attache report for the week ending August 5, 1944",NARA,RG 59,"103.9166/8-844; M973 roll 607, image 0550",https://history.state.gov/search?q=%22Manchester%20Press%20Attache%22%20%22August%205%2C%201944%22,0,Manchester Press Attache week ending August 1944 OWI State 1944,https://history.state.gov/search?q=Manchester%20Press%20Attache%20week%20ending%20August%201944%20OWI%20State%201944,"",2026-06-02,Exact public FRUS screen checked; broad search and final ruling still open,"","Exact History.state.gov title/file-number screen returned no public result on 2026-06-02. Do not promote until broad search count, source-copy review, and final duplicate ruling are complete.",Exact public FRUS screen is logged with result count 0 and checked date 2026-06-02; save broad topical search result count and final duplicate ruling before promotion.,PULL-001,DKT-001; DKT-005; DKT-008; DKT-002; DKT-006,https://catalog.archives.gov/id/88176221,"Source: National Archives, RG 59, Central Decimal File 1940-1944, 103.9166/8-844."
DUP-025,DOC50-034,CHR-025,Medium,Medium duplicate risk,Unchecked - proof required before promotion,OWI Overseas and VOA,September 1944,Regional Directives-September 1944,NARA,RG 208,NAID 4732351,https://history.state.gov/search?q=%22Regional%20Directives-September%201944%22%20OWI,0,Regional Directives-September 1944 Office of War Information directive 1944,https://history.state.gov/search?q=Regional%20Directives-September%201944%20Office%20of%20War%20Information%20directive%201944,"",2026-06-02,Exact public FRUS screen checked; broad search and final ruling still open,"","Exact History.state.gov title/file-number screen returned no public result on 2026-06-02. Do not promote until broad search count, source-copy review, and final duplicate ruling are complete.",Exact public FRUS screen is logged with result count 0 and checked date 2026-06-02; save broad topical search result count and final duplicate ruling before promotion.,PULL-004,DKT-001; DKT-005; DKT-008; DKT-004,https://catalog.archives.gov/id/4732351,"Source: National Archives, RG 208, Records of the Office of War Information, Record Set of Policy Directives, Regional Directives-September 1944, NAID 4732351."
DUP-026,DOC50-014,CHR-026,Critical,High duplicate risk,Unchecked - proof required before promotion,OWI Overseas and VOA,"September 2, 1944",Naples telegram on the present state of OWI thinking with regard to Balkan affairs,NARA,RG 59,"103.9166/9-244; M973 roll 607, image 0600",https://history.state.gov/search?q=%22OWI%27s%20thinking%22%20%22Balkan%20affairs%22,0,Naples telegram present state thinking regard Balkan OWI State 1944,https://history.state.gov/search?q=Naples%20telegram%20present%20state%20thinking%20regard%20Balkan%20OWI%20State%201944,"",2026-06-02,Exact public FRUS screen checked; broad search and final ruling still open,"","Exact History.state.gov title/file-number screen returned no public result on 2026-06-02. Do not promote until broad search count, source-copy review, and final duplicate ruling are complete.",Exact public FRUS screen is logged with result count 0 and checked date 2026-06-02; save broad topical search result count and final duplicate ruling before promotion.,PULL-001,DKT-001; DKT-005; DKT-008; DKT-002; DKT-006,https://catalog.archives.gov/id/88176221,"Source: National Archives, RG 59, Central Decimal File 1940-1944, 103.9166/9-244."
DUP-027,DOC50-015,CHR-027,Critical,High duplicate risk,Unchecked - proof required before promotion,OWI Overseas and VOA,"September 2, 1944",Switzerland telegram submitting suggestions for Allied propaganda for Italy,NARA,RG 59,"103.9166/9-244; M973 roll 607, image 0600",https://history.state.gov/search?q=%22suggestions%20for%20allied%20propaganda%20for%20Italy%22,0,Switzerland telegram submitting suggestions Allied propaganda Italy OWI State 1944,https://history.state.gov/search?q=Switzerland%20telegram%20submitting%20suggestions%20Allied%20propaganda%20Italy%20OWI%20State%201944,"",2026-06-02,Exact public FRUS screen checked; broad search and final ruling still open,"","Exact History.state.gov title/file-number screen returned no public result on 2026-06-02. Do not promote until broad search count, source-copy review, and final duplicate ruling are complete.",Exact public FRUS screen is logged with result count 0 and checked date 2026-06-02; save broad topical search result count and final duplicate ruling before promotion.,PULL-001,DKT-001; DKT-005; DKT-008; DKT-002; DKT-006,https://catalog.archives.gov/id/88176221,"Source: National Archives, RG 59, Central Decimal File 1940-1944, 103.9166/9-244."
DUP-028,DOC50-016,CHR-028,High,Medium duplicate risk,Unchecked - proof required before promotion,OWI Overseas and VOA,"September 2, 1944",Suva telegram summarizing a Central Directive from OWI,NARA,RG 59,"103.9166/9-244; M973 roll 607, image 0600",https://history.state.gov/search?q=%22Summary%20of%20Central%20Directive%20from%20OWI%22,0,Suva telegram summarizing Central OWI State 1944,https://history.state.gov/search?q=Suva%20telegram%20summarizing%20Central%20OWI%20State%201944,"",2026-06-02,Exact public FRUS screen checked; broad search and final ruling still open,"","Exact History.state.gov title/file-number screen returned no public result on 2026-06-02. Do not promote until broad search count, source-copy review, and final duplicate ruling are complete.",Exact public FRUS screen is logged with result count 0 and checked date 2026-06-02; save broad topical search result count and final duplicate ruling before promotion.,PULL-001,DKT-001; DKT-005; DKT-008; DKT-002; DKT-006,https://catalog.archives.gov/id/88176221,"Source: National Archives, RG 59, Central Decimal File 1940-1944, 103.9166/9-244."
DUP-029,DOC50-001,CHR-029,High,Medium duplicate risk,Unchecked - proof required before promotion,Hemisphere and Cultural Exchange,"September 9-11, 1944",CIAA circular announcing morning and noon Spanish-language shortwave service,NARA,RG 59,"103.9161/9-944; M973 roll 607, image 0095",https://history.state.gov/search?q=%22103.9161%2F9-944%22,0,CIAA circular announcing morning noon Spanish-language shortwave OWI State 1944,https://history.state.gov/search?q=CIAA%20circular%20announcing%20morning%20noon%20Spanish-language%20shortwave%20OWI%20State%201944,"",2026-06-02,Exact public FRUS screen checked; broad search and final ruling still open,"","Exact History.state.gov title/file-number screen returned no public result on 2026-06-02. Do not promote until broad search count, source-copy review, and final duplicate ruling are complete.",Exact public FRUS screen is logged with result count 0 and checked date 2026-06-02; save broad topical search result count and final duplicate ruling before promotion.,PULL-002; PULL-007,DKT-001; DKT-005; DKT-008; DKT-003; DKT-006,https://catalog.archives.gov/id/88176221,"Source: National Archives, RG 59, Central Decimal File 1940-1944, 103.9161/9-944."
DUP-030,DOC50-002,CHR-030,High,Medium duplicate risk,Unchecked - proof required before promotion,Hemisphere and Cultural Exchange,"September 21, 1944",Dominican Republic report that WNBI broadcasts were excellent but reception varied by date,NARA,RG 59,"103.9161/9-2144; M973 roll 607, image 0100",https://history.state.gov/search?q=%22103.9161%2F9-2144%22,0,Dominican Republic that WNBI broadcasts were excellent OWI State 1944,https://history.state.gov/search?q=Dominican%20Republic%20that%20WNBI%20broadcasts%20were%20excellent%20OWI%20State%201944,"",2026-06-02,Exact public FRUS screen checked; broad search and final ruling still open,"","Exact History.state.gov title/file-number screen returned no public result on 2026-06-02. Do not promote until broad search count, source-copy review, and final duplicate ruling are complete.",Exact public FRUS screen is logged with result count 0 and checked date 2026-06-02; save broad topical search result count and final duplicate ruling before promotion.,PULL-002; PULL-007,DKT-001; DKT-005; DKT-008; DKT-003; DKT-006,https://catalog.archives.gov/id/88176221,"Source: National Archives, RG 59, Central Decimal File 1940-1944, 103.9161/9-2144."
DUP-031,DOC50-008,CHR-031,Medium,Medium duplicate risk,Unchecked - proof required before promotion,Hemisphere and Cultural Exchange,"September 21, 1944",Costa Rica telegram enclosing Nelson Rockefeller message for Teodoro Picado,NARA,RG 59,"103.9161/9-2144; M973 roll 607, image 0100",https://history.state.gov/search?q=%22Teodoro%20Picado%22%20%22Rockefeller%22%20%221944%22,0,Costa Rica telegram enclosing Nelson Rockefeller message OWI State 1944,https://history.state.gov/search?q=Costa%20Rica%20telegram%20enclosing%20Nelson%20Rockefeller%20message%20OWI%20State%201944,"",2026-06-02,Exact public FRUS screen checked; broad search and final ruling still open,"","Exact History.state.gov title/file-number screen returned no public result on 2026-06-02. Do not promote until broad search count, source-copy review, and final duplicate ruling are complete.",Exact public FRUS screen is logged with result count 0 and checked date 2026-06-02; save broad topical search result count and final duplicate ruling before promotion.,PULL-002; PULL-007,DKT-001; DKT-005; DKT-008; DKT-003; DKT-006,https://catalog.archives.gov/id/88176221,"Source: National Archives, RG 59, Central Decimal File 1940-1944, 103.9161/9-2144."
DUP-032,DOC50-003,CHR-032,Medium,Medium duplicate risk,Unchecked - proof required before promotion,Hemisphere and Cultural Exchange,"September 22, 1944",Circular to diplomatic officers requesting replies to a motion-picture questionnaire,NARA,RG 59,"103.9161/9-2244; M973 roll 607, image 0100",https://history.state.gov/search?q=%22103.9161%2F9-2244%22,0,Circular diplomatic officers requesting replies motion-picture questionnaire OWI State 1944,https://history.state.gov/search?q=Circular%20diplomatic%20officers%20requesting%20replies%20motion-picture%20questionnaire%20OWI%20State%201944,"",2026-06-02,Exact public FRUS screen checked; broad search and final ruling still open,"","Exact History.state.gov title/file-number screen returned no public result on 2026-06-02. Do not promote until broad search count, source-copy review, and final duplicate ruling are complete.",Exact public FRUS screen is logged with result count 0 and checked date 2026-06-02; save broad topical search result count and final duplicate ruling before promotion.,PULL-002; PULL-007,DKT-001; DKT-005; DKT-008; DKT-003; DKT-006,https://catalog.archives.gov/id/88176221,"Source: National Archives, RG 59, Central Decimal File 1940-1944, 103.9161/9-2244."
DUP-033,DOC50-004,CHR-033,High,Medium duplicate risk,Unchecked - proof required before promotion,Hemisphere and Cultural Exchange,"October 20, 1944",Colombia telegram listing latest CIAA program numbers and expiration dates,NARA,RG 59,"103.9161/10-2044; M973 roll 607, image 0110",https://history.state.gov/search?q=%22103.9161%2F10-2044%22,0,Colombia telegram listing latest CIAA program numbers OWI State 1944,https://history.state.gov/search?q=Colombia%20telegram%20listing%20latest%20CIAA%20program%20numbers%20OWI%20State%201944,"",2026-06-02,Exact public FRUS screen checked; broad search and final ruling still open,"","Exact History.state.gov title/file-number screen returned no public result on 2026-06-02. Do not promote until broad search count, source-copy review, and final duplicate ruling are complete.",Exact public FRUS screen is logged with result count 0 and checked date 2026-06-02; save broad topical search result count and final duplicate ruling before promotion.,PULL-002; PULL-007,DKT-001; DKT-005; DKT-008; DKT-003; DKT-006,https://catalog.archives.gov/id/88176221,"Source: National Archives, RG 59, Central Decimal File 1940-1944, 103.9161/10-2044."
DUP-034,DOC50-005,CHR-034,Medium,Medium duplicate risk,Unchecked - proof required before promotion,Hemisphere and Cultural Exchange,"October 20, 1944",Chile telegram reporting that no CIAA transcriptions were then in use,NARA,RG 59,"103.9161/10-2044; M973 roll 607, image 0110",https://history.state.gov/search?q=%22103.9161%2F10-2044%22,0,Chile telegram reporting that CIAA transcriptions were OWI State 1944,https://history.state.gov/search?q=Chile%20telegram%20reporting%20that%20CIAA%20transcriptions%20were%20OWI%20State%201944,"",2026-06-02,Exact public FRUS screen checked; broad search and final ruling still open,"","Exact History.state.gov title/file-number screen returned no public result on 2026-06-02. Do not promote until broad search count, source-copy review, and final duplicate ruling are complete.",Exact public FRUS screen is logged with result count 0 and checked date 2026-06-02; save broad topical search result count and final duplicate ruling before promotion.,PULL-002; PULL-007,DKT-001; DKT-005; DKT-008; DKT-003; DKT-006,https://catalog.archives.gov/id/88176221,"Source: National Archives, RG 59, Central Decimal File 1940-1944, 103.9161/10-2044."
DUP-035,DOC50-026,CHR-035,High,Medium duplicate risk,Unchecked - proof required before promotion,OWI Overseas and VOA,"October 28, 1944",Long-Range Directive for Czechoslovakia,NARA,RG 208,NAID 4732375,https://history.state.gov/search?q=%22Long-Range%20Directive%20for%20Czechoslovakia%22,0,Long-Range Czechoslovakia Office of War Information directive 1944,https://history.state.gov/search?q=Long-Range%20Czechoslovakia%20Office%20of%20War%20Information%20directive%201944,"",2026-06-02,Exact public FRUS screen checked; broad search and final ruling still open,"","Exact History.state.gov title/file-number screen returned no public result on 2026-06-02. Do not promote until broad search count, source-copy review, and final duplicate ruling are complete.",Exact public FRUS screen is logged with result count 0 and checked date 2026-06-02; save broad topical search result count and final duplicate ruling before promotion.,PULL-003,DKT-001; DKT-005; DKT-008; DKT-004,https://catalog.archives.gov/id/4732375,"Source: National Archives, RG 208, Records of the Office of War Information, Record Set of Policy Directives, Long-Range Directive for Czechoslovakia-October 28, 1944, NAID 4732375."
DUP-036,DOC50-017,CHR-036,High,Medium duplicate risk,Unchecked - proof required before promotion,OWI Overseas and VOA,"October 31, 1944",Las Palmas report on Legation activities for OWI and American programs broadcast in September,NARA,RG 59,"103.9166/10-3144; M973 roll 607, image 0700",https://history.state.gov/search?q=%22American%20programs%20broadcast%22%20%22Las%20Palmas%22,0,Palmas Legation activities American programs broadcast September OWI State 1944,https://history.state.gov/search?q=Palmas%20Legation%20activities%20American%20programs%20broadcast%20September%20OWI%20State%201944,"",2026-06-02,Exact public FRUS screen checked; broad search and final ruling still open,"","Exact History.state.gov title/file-number screen returned no public result on 2026-06-02. Do not promote until broad search count, source-copy review, and final duplicate ruling are complete.",Exact public FRUS screen is logged with result count 0 and checked date 2026-06-02; save broad topical search result count and final duplicate ruling before promotion.,PULL-001,DKT-001; DKT-005; DKT-008; DKT-002; DKT-006,https://catalog.archives.gov/id/88176221,"Source: National Archives, RG 59, Central Decimal File 1940-1944, 103.9166/10-3144."
DUP-037,DOC50-007,CHR-037,High,Medium duplicate risk,Unchecked - proof required before promotion,Hemisphere and Cultural Exchange,"November 20, 1944",Brazil telegram on proposed Hemisphere information service through CIAA,NARA,RG 59,"103.9161/11-2044; M973 roll 607, image 0120",https://history.state.gov/search?q=%22Hemisphere%20information%20service%22%20CIAA,0,Brazil telegram proposed Hemisphere service through CIAA OWI State 1944,https://history.state.gov/search?q=Brazil%20telegram%20proposed%20Hemisphere%20service%20through%20CIAA%20OWI%20State%201944,"",2026-06-02,Exact public FRUS screen checked; broad search and final ruling still open,"","Exact History.state.gov title/file-number screen returned no public result on 2026-06-02. Do not promote until broad search count, source-copy review, and final duplicate ruling are complete.",Exact public FRUS screen is logged with result count 0 and checked date 2026-06-02; save broad topical search result count and final duplicate ruling before promotion.,PULL-002; PULL-007,DKT-001; DKT-005; DKT-008; DKT-003; DKT-006,https://catalog.archives.gov/id/88176221,"Source: National Archives, RG 59, Central Decimal File 1940-1944, 103.9161/11-2044."
DUP-038,DOC50-028,CHR-038,Medium,Medium duplicate risk,Unchecked - proof required before promotion,OWI Overseas and VOA,"November 20, 1944",Netherlands Long Range Directive,NARA,RG 208,NAID 4732392,https://history.state.gov/search?q=%22Netherlands%20Long%20Range%20Directive%22,0,Netherlands Long Range Office of War Information directive 1944,https://history.state.gov/search?q=Netherlands%20Long%20Range%20Office%20of%20War%20Information%20directive%201944,"",2026-06-02,Exact public FRUS screen checked; broad search and final ruling still open,"","Exact History.state.gov title/file-number screen returned no public result on 2026-06-02. Do not promote until broad search count, source-copy review, and final duplicate ruling are complete.",Exact public FRUS screen is logged with result count 0 and checked date 2026-06-02; save broad topical search result count and final duplicate ruling before promotion.,PULL-003,DKT-001; DKT-005; DKT-008; DKT-004,https://catalog.archives.gov/id/4732392,"Source: National Archives, RG 208, Records of the Office of War Information, Record Set of Policy Directives, Extra Copies of Netherlands Long Range Directive-November 20, 1944, NAID 4732392."
DUP-039,DOC50-006,CHR-039,High,Medium duplicate risk,Unchecked - proof required before promotion,Hemisphere and Cultural Exchange,"November 21, 1944",Circular transmitting changes in the English shortwave schedule,NARA,RG 59,"103.9161/11-2144; M973 roll 607, image 0120",https://history.state.gov/search?q=%22English%20short%20wave%20schedule%22,0,Circular transmitting changes English shortwave schedule OWI State 1944,https://history.state.gov/search?q=Circular%20transmitting%20changes%20English%20shortwave%20schedule%20OWI%20State%201944,"",2026-06-02,Exact public FRUS screen checked; broad search and final ruling still open,"","Exact History.state.gov title/file-number screen returned no public result on 2026-06-02. Do not promote until broad search count, source-copy review, and final duplicate ruling are complete.",Exact public FRUS screen is logged with result count 0 and checked date 2026-06-02; save broad topical search result count and final duplicate ruling before promotion.,PULL-002; PULL-007,DKT-001; DKT-005; DKT-008; DKT-003; DKT-006,https://catalog.archives.gov/id/88176221,"Source: National Archives, RG 59, Central Decimal File 1940-1944, 103.9161/11-2144."
DUP-040,DOC50-022,CHR-040,High,Medium duplicate risk,Unchecked - proof required before promotion,OWI Overseas and VOA,"December 5, 1944",Long Range Directive for Germany,NARA,RG 208,NAID 4732381,https://history.state.gov/search?q=%22Long%20Range%20Directive%20for%20Germany%22%20%221944%22,0,Long Range Germany Office of War Information directive 1944,https://history.state.gov/search?q=Long%20Range%20Germany%20Office%20of%20War%20Information%20directive%201944,"",2026-06-02,Exact public FRUS screen checked; broad search and final ruling still open,"","Exact History.state.gov title/file-number screen returned no public result on 2026-06-02. Do not promote until broad search count, source-copy review, and final duplicate ruling are complete.",Exact public FRUS screen is logged with result count 0 and checked date 2026-06-02; save broad topical search result count and final duplicate ruling before promotion.,PULL-003,DKT-001; DKT-005; DKT-008; DKT-004,https://catalog.archives.gov/id/4732381,"Source: National Archives, RG 208, Records of the Office of War Information, Record Set of Policy Directives, Extra Copies of Long Range Directive for Germany-December 5, 1944, NAID 4732381."
DUP-041,DOC50-018,CHR-041,Medium,Medium duplicate risk,Unchecked - proof required before promotion,OWI Overseas and VOA,"December 6, 1944","New Zealand report on informational activities on behalf of OWI, September-October 1944",NARA,RG 59,"103.9166/12-644; M973 roll 607, image 0750",https://history.state.gov/search?q=%22informational%20activities%22%20%22Office%20of%20War%20Information%22%20%22New%20Zealand%22,0,Zealand informational activities behalf September-October 1944 OWI State 1944,https://history.state.gov/search?q=Zealand%20informational%20activities%20behalf%20September-October%201944%20OWI%20State%201944,"",2026-06-02,Exact public FRUS screen checked; broad search and final ruling still open,"","Exact History.state.gov title/file-number screen returned no public result on 2026-06-02. Do not promote until broad search count, source-copy review, and final duplicate ruling are complete.",Exact public FRUS screen is logged with result count 0 and checked date 2026-06-02; save broad topical search result count and final duplicate ruling before promotion.,PULL-001,DKT-001; DKT-005; DKT-008; DKT-002; DKT-006,https://catalog.archives.gov/id/88176221,"Source: National Archives, RG 59, Central Decimal File 1940-1944, 103.9166/12-644."
DUP-042,DOC50-027,CHR-042,High,Medium duplicate risk,Unchecked - proof required before promotion,OWI Overseas and VOA,"December 6, 1944",Long-Range Guidance-Switzerland,NARA,RG 208,NAID 4732402,https://history.state.gov/search?q=%22Long-Range%20Guidance-Switzerland%22,0,Long-Range Guidance-Switzerland Office of War Information directive 1944,https://history.state.gov/search?q=Long-Range%20Guidance-Switzerland%20Office%20of%20War%20Information%20directive%201944,"",2026-06-02,Exact public FRUS screen checked; broad search and final ruling still open,"","Exact History.state.gov title/file-number screen returned no public result on 2026-06-02. Do not promote until broad search count, source-copy review, and final duplicate ruling are complete.",Exact public FRUS screen is logged with result count 0 and checked date 2026-06-02; save broad topical search result count and final duplicate ruling before promotion.,PULL-003,DKT-001; DKT-005; DKT-008; DKT-004,https://catalog.archives.gov/id/4732402,"Source: National Archives, RG 208, Records of the Office of War Information, Record Set of Policy Directives, Long-Range Guidance-Switzerland-December 6, 1944, NAID 4732402."
DUP-043,DOC50-037,CHR-043,Medium,Boundary duplicate risk,Hold until boundary and duplicate checks clear,OWI Overseas and VOA,"January 12, 1945",Weekly Propaganda Directive Office of War Information Czechoslovakia,NARA,RG 165,NAID 2149191,https://history.state.gov/search?q=%22Weekly%20Propaganda%20Directive%20Office%20of%20War%20Information%20Czechoslovakia%22,0,Weekly Propaganda Czechoslovakia Office of War Information propaganda directive 1945,https://history.state.gov/search?q=Weekly%20Propaganda%20Czechoslovakia%20Office%20of%20War%20Information%20propaganda%20directive%201945,"",2026-06-02,Exact public FRUS screen checked; broad search and final ruling still open,"","Exact History.state.gov title/file-number screen returned no public result on 2026-06-02. Do not promote until broad search count, source-copy review, and final duplicate ruling are complete.",Exact public FRUS screen is logged with result count 0 and checked date 2026-06-02; save broad topical search result count and final duplicate ruling before promotion.,PULL-010,DKT-001; DKT-005; DKT-008; DKT-004,https://catalog.archives.gov/id/2149191,"Source: National Archives, RG 165, Records of the War Department General and Special Staffs, Weekly Propaganda Directive Office of War Information Czechoslovakia January 12, 1945, NAID 2149191."
DUP-044,DOC50-035,CHR-044,Medium,Medium duplicate risk,Unchecked - proof required before promotion,OWI Overseas and VOA,"January 30, 1945",Long-Range Policy Directive for Thailand,NARA,RG 208,NAID 4732400,https://history.state.gov/search?q=%22Long-Range%20Policy%20Directive%20for%20Thailand%22,0,Long-Range Policy Thailand Office of War Information directive 1945,https://history.state.gov/search?q=Long-Range%20Policy%20Thailand%20Office%20of%20War%20Information%20directive%201945,"",2026-06-02,Exact public FRUS screen checked; broad search and final ruling still open,"","Exact History.state.gov title/file-number screen returned no public result on 2026-06-02. Do not promote until broad search count, source-copy review, and final duplicate ruling are complete.",Exact public FRUS screen is logged with result count 0 and checked date 2026-06-02; save broad topical search result count and final duplicate ruling before promotion.,PULL-003,DKT-001; DKT-005; DKT-008; DKT-004,https://catalog.archives.gov/id/4732400,"Source: National Archives, RG 208, Records of the Office of War Information, Record Set of Policy Directives, Long-Range Policy Directive for Thailand-January 30, 1945, NAID 4732400."
DUP-045,DOC50-025,CHR-045,High,Medium duplicate risk,Unchecked - proof required before promotion,Peace Aims and Handoff,"February 23, 1945",Long-Range Policy Guidance-Poland,NARA,RG 208,NAID 4732395,https://history.state.gov/search?q=%22Long-Range%20Policy%20Guidance-Poland%22,0,Long-Range Policy Guidance-Poland Office of War Information directive 1945,https://history.state.gov/search?q=Long-Range%20Policy%20Guidance-Poland%20Office%20of%20War%20Information%20directive%201945,"",2026-06-02,Exact public FRUS screen checked; broad search and final ruling still open,"","Exact History.state.gov title/file-number screen returned no public result on 2026-06-02. Do not promote until broad search count, source-copy review, and final duplicate ruling are complete.",Exact public FRUS screen is logged with result count 0 and checked date 2026-06-02; save broad topical search result count and final duplicate ruling before promotion.,PULL-003,DKT-001; DKT-005; DKT-008; DKT-004,https://catalog.archives.gov/id/4732395,"Source: National Archives, RG 208, Records of the Office of War Information, Record Set of Policy Directives, Long-Range Policy Guidance-Poland-February 23, 1945, NAID 4732395."
DUP-046,DOC50-024,CHR-046,High,Medium duplicate risk,Unchecked - proof required before promotion,Peace Aims and Handoff,"April 12, 1945",Long-Range Policy Directive-Austria,NARA,RG 208,NAID 4732367,https://history.state.gov/search?q=%22Long-Range%20Policy%20Directive-Austria%22,0,Long-Range Policy Directive-Austria Office of War Information directive 1945,https://history.state.gov/search?q=Long-Range%20Policy%20Directive-Austria%20Office%20of%20War%20Information%20directive%201945,"",2026-06-02,Exact public FRUS screen checked; broad search and final ruling still open,"","Exact History.state.gov title/file-number screen returned no public result on 2026-06-02. Do not promote until broad search count, source-copy review, and final duplicate ruling are complete.",Exact public FRUS screen is logged with result count 0 and checked date 2026-06-02; save broad topical search result count and final duplicate ruling before promotion.,PULL-003,DKT-001; DKT-005; DKT-008; DKT-004,https://catalog.archives.gov/id/4732367,"Source: National Archives, RG 208, Records of the Office of War Information, Record Set of Policy Directives, Long-Range Policy Directive-Austria-April 12, 1945, NAID 4732367."
DUP-047,DOC50-023,CHR-047,High,Medium duplicate risk,Unchecked - proof required before promotion,Peace Aims and Handoff,"April 18, 1945",Long-Range Directive-France,NARA,RG 208,NAID 4732378,https://history.state.gov/search?q=%22Long-Range%20Directive-France%22,0,Long-Range Directive-France Office of War Information directive 1945,https://history.state.gov/search?q=Long-Range%20Directive-France%20Office%20of%20War%20Information%20directive%201945,"",2026-06-02,Exact public FRUS screen checked; broad search and final ruling still open,"","Exact History.state.gov title/file-number screen returned no public result on 2026-06-02. Do not promote until broad search count, source-copy review, and final duplicate ruling are complete.",Exact public FRUS screen is logged with result count 0 and checked date 2026-06-02; save broad topical search result count and final duplicate ruling before promotion.,PULL-003,DKT-001; DKT-005; DKT-008; DKT-004,https://catalog.archives.gov/id/4732378,"Source: National Archives, RG 208, Records of the Office of War Information, Record Set of Policy Directives, Long-Range Directive-France-April 18, 1945, NAID 4732378."
DUP-048,DOC50-020,CHR-048,Critical,High duplicate risk,Unchecked - proof required before promotion,Peace Aims and Handoff,"April 26, 1945",Basic Policy Directive for Information in Germany,NARA,RG 208,NAID 4732380,https://history.state.gov/search?q=%22Basic%20Policy%20Directive%20for%20Information%20in%20Germany%22,0,Basic Policy Germany Office of War Information directive 1945,https://history.state.gov/search?q=Basic%20Policy%20Germany%20Office%20of%20War%20Information%20directive%201945,"",2026-06-02,Exact public FRUS screen checked; broad search and final ruling still open,"","Exact History.state.gov title/file-number screen returned no public result on 2026-06-02. Do not promote until broad search count, source-copy review, and final duplicate ruling are complete.",Exact public FRUS screen is logged with result count 0 and checked date 2026-06-02; save broad topical search result count and final duplicate ruling before promotion.,PULL-003,DKT-001; DKT-005; DKT-008; DKT-004,https://catalog.archives.gov/id/4732380,"Source: National Archives, RG 208, Records of the Office of War Information, Record Set of Policy Directives, Basic Policy Directive for Information in Germany-April 26, 1945, NAID 4732380."
DUP-049,DOC50-021,CHR-049,Critical,High duplicate risk,Unchecked - proof required before promotion,Peace Aims and Handoff,"May 29, 1945",Directive on Basic Themes for Output to Germany,NARA,RG 208,NAID 4732379,https://history.state.gov/search?q=%22Directive%20on%20Basic%20Themes%20for%20Output%20to%20Germany%22,0,Basic Themes Output Germany Office of War Information directive 1945,https://history.state.gov/search?q=Basic%20Themes%20Output%20Germany%20Office%20of%20War%20Information%20directive%201945,"",2026-06-02,Exact public FRUS screen checked; broad search and final ruling still open,"","Exact History.state.gov title/file-number screen returned no public result on 2026-06-02. Do not promote until broad search count, source-copy review, and final duplicate ruling are complete.",Exact public FRUS screen is logged with result count 0 and checked date 2026-06-02; save broad topical search result count and final duplicate ruling before promotion.,PULL-003,DKT-001; DKT-005; DKT-008; DKT-004,https://catalog.archives.gov/id/4732379,"Source: National Archives, RG 208, Records of the Office of War Information, Record Set of Policy Directives, Directive on Basic Themes for Output to Germany-May 29, 1945, NAID 4732379."
DUP-050,DOC50-049,CHR-050,High,Medium duplicate risk,Hold until item-level duplicate check,Hemisphere and Cultural Exchange,1945,Radio Division Resume of Operations,NARA,RG 229,NAID 2102897,https://history.state.gov/search?q=%22Radio%20Division%20Resume%20of%20Operations%22,0,Radio Division Resume Operations Inter-American Affairs radio 1945,https://history.state.gov/search?q=Radio%20Division%20Resume%20Operations%20Inter-American%20Affairs%20radio%201945,"",2026-06-02,Exact public FRUS screen checked; broad search and final ruling still open,"","Exact History.state.gov title/file-number screen returned no public result on 2026-06-02. Do not promote until broad search count, source-copy review, and final duplicate ruling are complete.",Exact public FRUS screen is logged with result count 0 and checked date 2026-06-02; save broad topical search result count and final duplicate ruling before promotion.,PULL-007,DKT-001; DKT-005; DKT-008; DKT-003; DKT-006,https://catalog.archives.gov/id/2102897,"Source: National Archives, RG 229, Records of the Office of Inter-American Affairs, Department of Information, Radio Division, Resume of Operations, NAID 2102897."
