Assembly ID,Working Document Slot,Final FRUS Number,Chapter Number,Chapter Title,Chapter Slot,Section Heading,Candidate ID,Chronology ID,Decision ID,Packet ID,Duplicate ID,Citation ID,Sort Key,Display Date,Title,Lane,Editorial Role,Assembly Function,Priority,Assembly Recommendation,Placement Rationale,Selection Gate,Source Copy Gate,Duplicate Gate,Citation Gate,Authority Gate,Evidence Gate,Boundary Gate,Gate Summary,Draft Headnote Or Annotation Task,Related Pull Sheets,Related Docket,Source Locator,Catalog URL,FRUS Search URL,Source Note,Next Assembly Action,Compiler Owner,Assembly Review Date,Notes
ASM-001,WDS-001,Unassigned pending final selection,2,Creating War Information and White House Control,CH2-S01,White House control and OWI creation files,DOC50-041,CHR-001,SEL-041,PKT-041,DUP-001,CITE-001,1942-01-01,1942-1944,"Office of War Information, 1942-1944",Creating War Information,White House control,Control / authority document,High,Hold pending source-copy and duplicate proof,Use to establish who controlled or cleared wartime public-information policy before lower-level implementation documents are promoted.,Pending review,Needed,Unchecked,Pending source-copy citation,Check persons and offices against authority-control register before final annotation,Evidence cross-reference not yet assigned,Not yet ruled,selection: Pending review; source copy: Needed; duplicate: Unchecked; citation: Pending source-copy citation; authority: needed; evidence: Evidence cross-reference not yet assigned; boundary: Not yet ruled,"Explain presidential or White House control, relation to OWI creation or guidance, and any linked public-line or State clearance evidence.",PULL-008,DKT-001; DKT-005; DKT-008; DKT-007,NAID 16620603,https://catalog.archives.gov/id/16620603,https://history.state.gov/search?q=%22Office%20of%20War%20Information%2C%201942-1944%22,"FDR Library via NARA Catalog, President's Secretary's File, Subject Files, Office of War Information, 1942-1944, NAID 16620603.","Pull folder-level source copies and identify FDR action, White House routing, or relation to State/OWI decisions. After source copy arrives, decide promote/hold/exclude, assign final number, normalize source note, and draft headnote/annotation.","","",""
ASM-002,WDS-002,Unassigned pending final selection,4,Hemisphere Information and Cultural Exchange,CH4-S01,OIAA radio reaction and operating evidence,DOC50-048,CHR-002,SEL-048,PKT-048,DUP-002,CITE-002,1942-01-01,1942,Radio Reaction Reports,Hemisphere and Cultural Exchange,Reception / operations evidence,Reception / operations evidence,High,Itemize file unit before decision,"Use as supporting evidence for reception, monitoring, or operational performance after pairing with a policy document.",Pending review,Needed,Unchecked,Pending source-copy citation,Check persons and offices against authority-control register before final annotation,Evidence cross-reference not yet assigned,Not yet ruled,selection: Pending review; source copy: Needed; duplicate: Unchecked; citation: Pending source-copy citation; authority: needed; evidence: Evidence cross-reference not yet assigned; boundary: Not yet ruled,Explain how reception or operations evidence corroborates a policy or implementation document.,PULL-007,DKT-001; DKT-005; DKT-008; DKT-003; DKT-006,NAID 782735,https://catalog.archives.gov/id/782735,https://history.state.gov/search?q=%22Radio%20Reaction%20Reports%22%20%22Inter-American%22,"NARA RG 229, Office of the Coordinator of Inter-American Affairs, Department of Information, Radio Division, Radio Reaction Reports, NAID 782735.","Itemize the file unit and pair radio operation or reaction evidence with RG 59/RG 84 State documentation. After source copy arrives, decide promote/hold/exclude, assign final number, normalize source note, and draft headnote/annotation.","","",""
ASM-003,WDS-003,Unassigned pending final selection,2,Creating War Information and White House Control,CH2-S02,White House control and OWI creation files,DOC50-043,CHR-003,SEL-043,PKT-043,DUP-003,CITE-003,1942-06-01,June 1942,"Office of War Information - Survey of Intelligence, June 1942",Creating War Information,White House control,Control / authority document,Medium,Hold pending source-copy and duplicate proof,Use to establish who controlled or cleared wartime public-information policy before lower-level implementation documents are promoted.,Pending review,Needed,Unchecked,Pending source-copy citation,Check persons and offices against authority-control register before final annotation,Evidence cross-reference not yet assigned,Not yet ruled,selection: Pending review; source copy: Needed; duplicate: Unchecked; citation: Pending source-copy citation; authority: needed; evidence: Evidence cross-reference not yet assigned; boundary: Not yet ruled,"Explain presidential or White House control, relation to OWI creation or guidance, and any linked public-line or State clearance evidence.",PULL-008,DKT-001; DKT-005; DKT-008; DKT-007,NAID 16620611,https://catalog.archives.gov/id/16620611,https://history.state.gov/search?q=%22Office%20of%20War%20Information%20-%20Survey%20of%20Intelligence%2C%20June%201942%22,"FDR Library via NARA Catalog, President's Secretary's File, Subject Files, Office of War Information - Survey of Intelligence, June 1942, NAID 16620611.","Pull folder-level source copies and identify FDR action, White House routing, or relation to State/OWI decisions. After source copy arrives, decide promote/hold/exclude, assign final number, normalize source note, and draft headnote/annotation.","","",""
ASM-004,WDS-004,Unassigned pending final selection,2,Creating War Information and White House Control,CH2-S03,White House control and OWI creation files,DOC50-044,CHR-004,SEL-044,PKT-044,DUP-004,CITE-004,1942-08-01,August 1942,"Office of War Information - Survey of Intelligence, August 1942",Creating War Information,White House control,Control / authority document,Medium,Hold pending source-copy and duplicate proof,Use to establish who controlled or cleared wartime public-information policy before lower-level implementation documents are promoted.,Pending review,Needed,Unchecked,Pending source-copy citation,Check persons and offices against authority-control register before final annotation,Evidence cross-reference not yet assigned,Not yet ruled,selection: Pending review; source copy: Needed; duplicate: Unchecked; citation: Pending source-copy citation; authority: needed; evidence: Evidence cross-reference not yet assigned; boundary: Not yet ruled,"Explain presidential or White House control, relation to OWI creation or guidance, and any linked public-line or State clearance evidence.",PULL-008,DKT-001; DKT-005; DKT-008; DKT-007,NAID 16620616,https://catalog.archives.gov/id/16620616,https://history.state.gov/search?q=%22Office%20of%20War%20Information%20-%20Survey%20of%20Intelligence%2C%20August%201942%22,"FDR Library via NARA Catalog, President's Secretary's File, Subject Files, Office of War Information - Survey of Intelligence, August 1942, NAID 16620616.","Pull folder-level source copies and identify FDR action, White House routing, or relation to State/OWI decisions. After source copy arrives, decide promote/hold/exclude, assign final number, normalize source note, and draft headnote/annotation.","","",""
ASM-005,WDS-005,Unassigned pending final selection,1,Prewar Information Policy and Predecessor Controls,CH1-S01,Predecessor and domestic-boundary evidence,DOC50-046,CHR-005,SEL-046,PKT-046,DUP-005,CITE-005,1942-11-19,"November 19, 1942","Memorandum to Philleo Nash from Leo C. Rosten, with attachment",Prewar Information Policy,Boundary memo,Boundary or context document,Medium,Boundary review before promotion,"Use only if the source copy shows foreign-policy significance, State/White House/OWI coordination, or a direct public-diplomacy decision.",Pending review,Needed,Unchecked,Pending source-copy citation,Check persons and offices against authority-control register before final annotation,Evidence cross-reference not yet assigned,Not yet ruled,selection: Pending review; source copy: Needed; duplicate: Unchecked; citation: Pending source-copy citation; authority: needed; evidence: Evidence cross-reference not yet assigned; boundary: Not yet ruled,"Explain why this boundary record is included, held, or excluded under public-diplomacy selection rules.",PULL-009,DKT-001; DKT-005; DKT-008,NAID 509549657,https://catalog.archives.gov/id/509549657,https://history.state.gov/search?q=%22Memorandum%20to%20Philleo%20Nash%20from%20Leo%20C.%20Rosten%22,"FDR Library via NARA Catalog, Philleo Nash Papers, Office of War Information Files, Rumors memoranda for editors and publishers, NAID 509549657.","Review the source copy for foreign-audience, overseas information, State policy, or White House public-line control before any promotion. After source copy arrives, decide promote/hold/exclude, assign final number, normalize source note, and draft headnote/annotation.","","",""
ASM-006,WDS-006,Unassigned pending final selection,2,Creating War Information and White House Control,CH2-S04,White House control and OWI creation files,DOC50-042,CHR-006,SEL-042,PKT-042,DUP-006,CITE-006,1942-12-01,1942-1945,Office of War Information confidential file,Creating War Information,White House control,Control / authority document,High,Hold pending source-copy and duplicate proof,Use to establish who controlled or cleared wartime public-information policy before lower-level implementation documents are promoted.,Pending review,Needed,Unchecked,Pending source-copy citation,Check persons and offices against authority-control register before final annotation,Evidence cross-reference not yet assigned,Not yet ruled,selection: Pending review; source copy: Needed; duplicate: Unchecked; citation: Pending source-copy citation; authority: needed; evidence: Evidence cross-reference not yet assigned; boundary: Not yet ruled,"Explain presidential or White House control, relation to OWI creation or guidance, and any linked public-line or State clearance evidence.",PULL-008,DKT-001; DKT-005; DKT-008; DKT-007,NAID 16609748,https://catalog.archives.gov/id/16609748,https://history.state.gov/search?q=%22Office%20of%20War%20Information%20confidential%20file%22,"FDR Library via NARA Catalog, President's Secretary's File, Confidential Files, Office of War Information, NAID 16609748.","Pull folder-level source copies and identify FDR action, White House routing, or relation to State/OWI decisions. After source copy arrives, decide promote/hold/exclude, assign final number, normalize source note, and draft headnote/annotation.","","",""
ASM-007,WDS-007,Unassigned pending final selection,2,Creating War Information and White House Control,CH2-S05,White House control and OWI creation files,DOC50-045,CHR-007,SEL-045,PKT-045,DUP-007,CITE-007,1942-12-01,December 1942,"Office of War Information - Survey of Intelligence, December 1942",Creating War Information,White House control,Control / authority document,Medium,Hold pending source-copy and duplicate proof,Use to establish who controlled or cleared wartime public-information policy before lower-level implementation documents are promoted.,Pending review,Needed,Unchecked,Pending source-copy citation,Check persons and offices against authority-control register before final annotation,Evidence cross-reference not yet assigned,Not yet ruled,selection: Pending review; source copy: Needed; duplicate: Unchecked; citation: Pending source-copy citation; authority: needed; evidence: Evidence cross-reference not yet assigned; boundary: Not yet ruled,"Explain presidential or White House control, relation to OWI creation or guidance, and any linked public-line or State clearance evidence.",PULL-008,DKT-001; DKT-005; DKT-008; DKT-007,NAID 16620625,https://catalog.archives.gov/id/16620625,https://history.state.gov/search?q=%22Office%20of%20War%20Information%20-%20Survey%20of%20Intelligence%2C%20December%201942%22,"FDR Library via NARA Catalog, President's Secretary's File, Subject Files, Office of War Information - Survey of Intelligence, December 1942, NAID 16620625.","Pull folder-level source copies and identify FDR action, White House routing, or relation to State/OWI decisions. After source copy arrives, decide promote/hold/exclude, assign final number, normalize source note, and draft headnote/annotation.","","",""
ASM-008,WDS-008,Unassigned pending final selection,1,Prewar Information Policy and Predecessor Controls,CH1-S02,Predecessor and domestic-boundary evidence,DOC50-047,CHR-008,SEL-047,PKT-047,DUP-008,CITE-008,1943-04-30,October 1942-April 1943,"Letter to Warren B. Walsh from Leo C. Rosten, with attachments",Prewar Information Policy,Boundary memo,Boundary or context document,Low,Boundary review before promotion,"Use only if the source copy shows foreign-policy significance, State/White House/OWI coordination, or a direct public-diplomacy decision.",Pending review,Needed,Unchecked,Pending source-copy citation,Check persons and offices against authority-control register before final annotation,Evidence cross-reference not yet assigned,Boundary review required,selection: Pending review; source copy: Needed; duplicate: Unchecked; citation: Pending source-copy citation; authority: needed; evidence: Evidence cross-reference not yet assigned; boundary: Boundary review required,"Explain why this boundary record is included, held, or excluded under public-diplomacy selection rules.",PULL-009,DKT-001; DKT-005; DKT-008,NAID 509549751,https://catalog.archives.gov/id/509549751,https://history.state.gov/search?q=%22Letter%20to%20Warren%20B.%20Walsh%20from%20Leo%20C.%20Rosten%22,"FDR Library via NARA Catalog, Philleo Nash Papers, Office of War Information Files, Rumors-Syracuse University Rumor Clinic, NAID 509549751.","Review the source copy for foreign-audience, overseas information, State policy, or White House public-line control before any promotion. After source copy arrives, decide promote/hold/exclude, assign final number, normalize source note, and draft headnote/annotation.","","",""
ASM-009,WDS-009,Unassigned pending final selection,3,"OWI Overseas, VOA, Directives, and Outposts",CH3-S01,OWI long-range policy and broadcast guidance,DOC50-019,CHR-009,SEL-019,PKT-019,DUP-009,CITE-009,1943-05-01,May 1943,Weekly Propaganda Directive: Poland,OWI Overseas and VOA,Policy guidance,Policy directive / guidance document,Critical,Priority promotion review after source copy,"Use as a policy spine candidate that can anchor later implementation, post reporting, or reaction evidence.",Pending review,Needed,Unchecked,Pending source-copy citation,Check persons and offices against authority-control register before final annotation,Evidence cross-reference not yet assigned,Not yet ruled,selection: Pending review; source copy: Needed; duplicate: Unchecked; citation: Pending source-copy citation; authority: needed; evidence: Evidence cross-reference not yet assigned; boundary: Not yet ruled,"Explain issuing authority, target audience or theater, relationship to State/OWI policy, and downstream implementation or reaction records needed.","",DKT-001; DKT-005; DKT-008; DKT-004,NAID 6851138,https://catalog.archives.gov/id/6851138,https://history.state.gov/search?q=%22Weekly%20Propaganda%20Directive%3A%20Poland%22,"NARA RG 208, Records of the Office of War Information, Record Set of Policy Directives, Regional Directives-May 1943, NAID 6851138.","Pull directive source copy, extract issuing office and target themes, then pair with implementation or reaction evidence before promotion. After source copy arrives, decide promote/hold/exclude, assign final number, normalize source note, and draft headnote/annotation.","","",""
ASM-010,WDS-010,Unassigned pending final selection,2,Creating War Information and White House Control,CH2-S06,Interagency coordination and intelligence boundary,DOC50-031,CHR-010,SEL-031,PKT-031,DUP-010,CITE-010,1943-09-01,September 1943-June 1944,OWI-OSS Relations,Creating War Information,Policy coordination,Coordination bridge document,High,Hold pending source-copy and duplicate proof,"Use to show interagency coordination, Allied crosswalks, or boundary relationships that explain how public diplomacy was governed.",Pending review,Needed,Unchecked,Pending source-copy citation,Check persons and offices against authority-control register before final annotation,Evidence cross-reference not yet assigned,Not yet ruled,selection: Pending review; source copy: Needed; duplicate: Unchecked; citation: Pending source-copy citation; authority: needed; evidence: Evidence cross-reference not yet assigned; boundary: Not yet ruled,"Draft a short annotation that ties the record to policy, implementation, reaction, source-copy, duplicate, citation, and authority gates.",PULL-004,DKT-001; DKT-005; DKT-008; DKT-004,NAID 4732416,https://catalog.archives.gov/id/4732416,https://history.state.gov/search?q=%22OWI-OSS%20Relations%22,"NARA RG 208, Record Set of Policy Directives, OWI-OSS Relations-September 1943-June 1944, NAID 4732416.","Pull directive source copy, extract issuing office and target themes, then pair with implementation or reaction evidence before promotion. After source copy arrives, decide promote/hold/exclude, assign final number, normalize source note, and draft headnote/annotation.","","",""
ASM-011,WDS-011,Unassigned pending final selection,3,"OWI Overseas, VOA, Directives, and Outposts",CH3-S02,OWI policy coordination and Allied directive crosswalks,DOC50-030,CHR-011,SEL-030,PKT-030,DUP-011,CITE-011,1943-10-01,October 1943-September 1945,Special Guidances-Moscow Cables on Directives,OWI Overseas and VOA,Policy coordination,Coordination bridge document,High,Hold pending source-copy and duplicate proof,"Use to show interagency coordination, Allied crosswalks, or boundary relationships that explain how public diplomacy was governed.",Pending review,Needed,Unchecked,Pending source-copy citation,Check persons and offices against authority-control register before final annotation,Evidence cross-reference not yet assigned,Not yet ruled,selection: Pending review; source copy: Needed; duplicate: Unchecked; citation: Pending source-copy citation; authority: needed; evidence: Evidence cross-reference not yet assigned; boundary: Not yet ruled,"Draft a short annotation that ties the record to policy, implementation, reaction, source-copy, duplicate, citation, and authority gates.",PULL-004,DKT-001; DKT-005; DKT-008; DKT-004,NAID 4732413,https://catalog.archives.gov/id/4732413,https://history.state.gov/search?q=%22Special%20Guidances-Moscow%20Cables%20on%20Directives%22,"NARA RG 208, Record Set of Policy Directives, Special Guidances-Moscow Cables on Directives-October 1943-September 1945, NAID 4732413.","Pull directive source copy, extract issuing office and target themes, then pair with implementation or reaction evidence before promotion. After source copy arrives, decide promote/hold/exclude, assign final number, normalize source note, and draft headnote/annotation.","","",""
ASM-012,WDS-012,Unassigned pending final selection,4,Hemisphere Information and Cultural Exchange,CH4-S02,OIAA radio reaction and operating evidence,DOC50-050,CHR-012,SEL-050,PKT-050,DUP-012,CITE-012,1943-12-31,1941-1943,Radio Division Reports and Issuances,Hemisphere and Cultural Exchange,Reception / operations evidence,Reception / operations evidence,High,Itemize file unit before decision,"Use as supporting evidence for reception, monitoring, or operational performance after pairing with a policy document.",Pending review,Needed,Unchecked,Pending source-copy citation,Check persons and offices against authority-control register before final annotation,Evidence cross-reference not yet assigned,Not yet ruled,selection: Pending review; source copy: Needed; duplicate: Unchecked; citation: Pending source-copy citation; authority: needed; evidence: Evidence cross-reference not yet assigned; boundary: Not yet ruled,Explain how reception or operations evidence corroborates a policy or implementation document.,PULL-007,DKT-001; DKT-005; DKT-008; DKT-003; DKT-006,NAID 2102898,https://catalog.archives.gov/id/2102898,https://history.state.gov/search?q=%22Radio%20Division%20Reports%20and%20Issuances%22,"NARA RG 229, Office of the Coordinator of Inter-American Affairs, Department of Information, Radio Division, Reports and Issuances, NAID 2102898.","Itemize the file unit and pair radio operation or reaction evidence with RG 59/RG 84 State documentation. After source copy arrives, decide promote/hold/exclude, assign final number, normalize source note, and draft headnote/annotation.","","",""
ASM-013,WDS-013,Unassigned pending final selection,3,"OWI Overseas, VOA, Directives, and Outposts",CH3-S03,OWI policy coordination and Allied directive crosswalks,DOC50-032,CHR-013,SEL-032,PKT-032,DUP-013,CITE-013,1944-01-01,January-December 1944,Political Warfare Executive Central Directives,OWI Overseas and VOA,Policy coordination,Coordination bridge document,Medium,Hold pending source-copy and duplicate proof,"Use to show interagency coordination, Allied crosswalks, or boundary relationships that explain how public diplomacy was governed.",Pending review,Needed,Unchecked,Pending source-copy citation,Check persons and offices against authority-control register before final annotation,Evidence cross-reference not yet assigned,Not yet ruled,selection: Pending review; source copy: Needed; duplicate: Unchecked; citation: Pending source-copy citation; authority: needed; evidence: Evidence cross-reference not yet assigned; boundary: Not yet ruled,"Draft a short annotation that ties the record to policy, implementation, reaction, source-copy, duplicate, citation, and authority gates.",PULL-004,DKT-001; DKT-005; DKT-008; DKT-004,NAID 4732424,https://catalog.archives.gov/id/4732424,https://history.state.gov/search?q=%22Political%20Warfare%20Executive%20Central%20Directives%22%20%221944%22,"NARA RG 208, Record Set of Policy Directives, Political Warfare Executive Central Directives-January-December 1944, NAID 4732424.","Pull directive source copy, extract issuing office and target themes, then pair with implementation or reaction evidence before promotion. After source copy arrives, decide promote/hold/exclude, assign final number, normalize source note, and draft headnote/annotation.","","",""
ASM-014,WDS-014,Unassigned pending final selection,3,"OWI Overseas, VOA, Directives, and Outposts",CH3-S04,Psychological-warfare and directive boundary checks,DOC50-038,CHR-014,SEL-038,PKT-038,DUP-014,CITE-014,1944-01-01,1944-1945,Weekly Propaganda Directive Office of War Information Sweden,OWI Overseas and VOA,Boundary directive,Boundary or context document,Medium,Boundary review before promotion,"Use only if the source copy shows foreign-policy significance, State/White House/OWI coordination, or a direct public-diplomacy decision.",Pending review,Needed,Unchecked,Pending source-copy citation,Check persons and offices against authority-control register before final annotation,Evidence cross-reference not yet assigned,Boundary review required,selection: Pending review; source copy: Needed; duplicate: Unchecked; citation: Pending source-copy citation; authority: needed; evidence: Evidence cross-reference not yet assigned; boundary: Boundary review required,"Explain why this boundary record is included, held, or excluded under public-diplomacy selection rules.",PULL-010,DKT-001; DKT-005; DKT-008; DKT-004,NAID 2149198,https://catalog.archives.gov/id/2149198,https://history.state.gov/search?q=%22Weekly%20Propaganda%20Directive%20Office%20of%20War%20Information%20Sweden%22,"NARA RG 165, Weekly Propaganda Directive Office of War Information Sweden, NAID 2149198.","Apply the boundary rule: promote only if the record shows State/OWI coordination, diplomatic controversy, or public-diplomacy policy beyond tactical warfare. After source copy arrives, decide promote/hold/exclude, assign final number, normalize source note, and draft headnote/annotation.","","",""
ASM-015,WDS-015,Unassigned pending final selection,3,"OWI Overseas, VOA, Directives, and Outposts",CH3-S05,Psychological-warfare and directive boundary checks,DOC50-039,CHR-015,SEL-039,PKT-039,DUP-015,CITE-015,1944-01-01,1944-1945,Weekly Propaganda Directive Office of War Information Iberia,OWI Overseas and VOA,Boundary directive,Boundary or context document,Medium,Boundary review before promotion,"Use only if the source copy shows foreign-policy significance, State/White House/OWI coordination, or a direct public-diplomacy decision.",Pending review,Needed,Unchecked,Pending source-copy citation,Check persons and offices against authority-control register before final annotation,Evidence cross-reference not yet assigned,Boundary review required,selection: Pending review; source copy: Needed; duplicate: Unchecked; citation: Pending source-copy citation; authority: needed; evidence: Evidence cross-reference not yet assigned; boundary: Boundary review required,"Explain why this boundary record is included, held, or excluded under public-diplomacy selection rules.",PULL-010,DKT-001; DKT-005; DKT-008; DKT-004,NAID 2149195,https://catalog.archives.gov/id/2149195,https://history.state.gov/search?q=%22Weekly%20Propaganda%20Directive%20Office%20of%20War%20Information%20Iberia%22,"NARA RG 165, Weekly Propaganda Directive Office of War Information Iberia, NAID 2149195.","Apply the boundary rule: promote only if the record shows State/OWI coordination, diplomatic controversy, or public-diplomacy policy beyond tactical warfare. After source copy arrives, decide promote/hold/exclude, assign final number, normalize source note, and draft headnote/annotation.","","",""
ASM-016,WDS-016,Unassigned pending final selection,3,"OWI Overseas, VOA, Directives, and Outposts",CH3-S06,Psychological-warfare and directive boundary checks,DOC50-040,CHR-016,SEL-040,PKT-040,DUP-016,CITE-016,1944-01-01,1944-1945,"Weekly Propaganda Directive Office of War Information Norway, Netherlands, Middle East",OWI Overseas and VOA,Boundary directive,Boundary or context document,Medium,Boundary review before promotion,"Use only if the source copy shows foreign-policy significance, State/White House/OWI coordination, or a direct public-diplomacy decision.",Pending review,Needed,Unchecked,Pending source-copy citation,Check persons and offices against authority-control register before final annotation,Evidence cross-reference not yet assigned,Boundary review required,selection: Pending review; source copy: Needed; duplicate: Unchecked; citation: Pending source-copy citation; authority: needed; evidence: Evidence cross-reference not yet assigned; boundary: Boundary review required,"Explain why this boundary record is included, held, or excluded under public-diplomacy selection rules.",PULL-010,DKT-001; DKT-005; DKT-008; DKT-004,NAID 2149196,https://catalog.archives.gov/id/2149196,https://history.state.gov/search?q=%22Weekly%20Propaganda%20Directive%20Office%20of%20War%20Information%20Norway%20Netherlands%20Middle%20East%22,"NARA RG 165, Weekly Propaganda Directive Office of War Information Norway, Netherlands, Middle East #39, NAID 2149196.","Apply the boundary rule: promote only if the record shows State/OWI coordination, diplomatic controversy, or public-diplomacy policy beyond tactical warfare. After source copy arrives, decide promote/hold/exclude, assign final number, normalize source note, and draft headnote/annotation.","","",""
ASM-017,WDS-017,Unassigned pending final selection,3,"OWI Overseas, VOA, Directives, and Outposts",CH3-S07,OWI policy coordination and Allied directive crosswalks,DOC50-033,CHR-017,SEL-033,PKT-033,DUP-017,CITE-017,1944-05-01,May-June 1944,Central Directives-May-June 1944,OWI Overseas and VOA,Policy coordination,Coordination bridge document,High,Hold pending source-copy and duplicate proof,"Use to show interagency coordination, Allied crosswalks, or boundary relationships that explain how public diplomacy was governed.",Pending review,Needed,Unchecked,Pending source-copy citation,Check persons and offices against authority-control register before final annotation,Evidence cross-reference not yet assigned,Not yet ruled,selection: Pending review; source copy: Needed; duplicate: Unchecked; citation: Pending source-copy citation; authority: needed; evidence: Evidence cross-reference not yet assigned; boundary: Not yet ruled,"Draft a short annotation that ties the record to policy, implementation, reaction, source-copy, duplicate, citation, and authority gates.",PULL-004,DKT-001; DKT-005; DKT-008; DKT-004,NAID 4732319,https://catalog.archives.gov/id/4732319,https://history.state.gov/search?q=%22Central%20Directives-May-June%201944%22%20OWI,"NARA RG 208, Record Set of Policy Directives, Central Directives-May-June 1944, NAID 4732319.","Pull directive source copy, extract issuing office and target themes, then pair with implementation or reaction evidence before promotion. After source copy arrives, decide promote/hold/exclude, assign final number, normalize source note, and draft headnote/annotation.","","",""
ASM-018,WDS-018,Unassigned pending final selection,3,"OWI Overseas, VOA, Directives, and Outposts",CH3-S08,Psychological-warfare and directive boundary checks,DOC50-036,CHR-018,SEL-036,PKT-036,DUP-018,CITE-018,1944-06-30,"June 30, 1944",Weekly Propaganda Directive Office of War Information Germany,OWI Overseas and VOA,Boundary directive,Boundary or context document,High,Boundary review before promotion,"Use only if the source copy shows foreign-policy significance, State/White House/OWI coordination, or a direct public-diplomacy decision.",Pending review,Needed,Unchecked,Pending source-copy citation,Check persons and offices against authority-control register before final annotation,Evidence cross-reference not yet assigned,Boundary review required,selection: Pending review; source copy: Needed; duplicate: Unchecked; citation: Pending source-copy citation; authority: needed; evidence: Evidence cross-reference not yet assigned; boundary: Boundary review required,"Explain why this boundary record is included, held, or excluded under public-diplomacy selection rules.",PULL-010,DKT-001; DKT-005; DKT-008; DKT-004,NAID 2149194,https://catalog.archives.gov/id/2149194,https://history.state.gov/search?q=%22Weekly%20Propaganda%20Directive%20Office%20of%20War%20Information%20Germany%22,"NARA RG 165, Weekly Propaganda Directive Office of War Information Germany June 30, 1944, NAID 2149194.","Apply the boundary rule: promote only if the record shows State/OWI coordination, diplomatic controversy, or public-diplomacy policy beyond tactical warfare. After source copy arrives, decide promote/hold/exclude, assign final number, normalize source note, and draft headnote/annotation.","","",""
ASM-019,WDS-019,Unassigned pending final selection,3,"OWI Overseas, VOA, Directives, and Outposts",CH3-S09,OWI policy coordination and Allied directive crosswalks,DOC50-029,CHR-019,SEL-029,PKT-029,DUP-019,CITE-019,1944-07-01,July 1944-February 1945,Special Guidances-London Policy Directives,OWI Overseas and VOA,Policy coordination,Coordination bridge document,High,Hold pending source-copy and duplicate proof,"Use to show interagency coordination, Allied crosswalks, or boundary relationships that explain how public diplomacy was governed.",Pending review,Needed,Unchecked,Pending source-copy citation,Check persons and offices against authority-control register before final annotation,Evidence cross-reference not yet assigned,Not yet ruled,selection: Pending review; source copy: Needed; duplicate: Unchecked; citation: Pending source-copy citation; authority: needed; evidence: Evidence cross-reference not yet assigned; boundary: Not yet ruled,"Draft a short annotation that ties the record to policy, implementation, reaction, source-copy, duplicate, citation, and authority gates.",PULL-004,DKT-001; DKT-005; DKT-008; DKT-004,NAID 4732414,https://catalog.archives.gov/id/4732414,https://history.state.gov/search?q=%22Special%20Guidances-London%20Policy%20Directives%22,"NARA RG 208, Record Set of Policy Directives, Special Guidances-London Policy Directives-July 1944-February 1945, NAID 4732414.","Pull directive source copy, extract issuing office and target themes, then pair with implementation or reaction evidence before promotion. After source copy arrives, decide promote/hold/exclude, assign final number, normalize source note, and draft headnote/annotation.","","",""
ASM-020,WDS-020,Unassigned pending final selection,3,"OWI Overseas, VOA, Directives, and Outposts",CH3-S10,"Embassy, outpost, and field implementation reports",DOC50-010,CHR-020,SEL-010,PKT-010,DUP-020,CITE-020,1944-07-08,"July 8, 1944",The Iceland Outpost: Analysis of an Informational Operation,OWI Overseas and VOA,State cable / implementation,Implementation or reaction document,High,Hold pending source-copy and duplicate proof,"Use to prove that Washington guidance reached posts, outposts, media desks, or foreign audiences.",Pending review,Needed,Unchecked,Pending source-copy citation,Check persons and offices against authority-control register before final annotation,Evidence cross-reference not yet assigned,Not yet ruled,selection: Pending review; source copy: Needed; duplicate: Unchecked; citation: Pending source-copy citation; authority: needed; evidence: Evidence cross-reference not yet assigned; boundary: Not yet ruled,"Explain originating post or office, Washington policy link, local implementation, foreign reaction, and why the cable belongs in a public-diplomacy FRUS volume.",PULL-001,DKT-001; DKT-005; DKT-008; DKT-002; DKT-006,"103.9166/7-844; M973 roll 607, image 0500",https://catalog.archives.gov/id/88176221,https://history.state.gov/search?q=%22The%20Iceland%20Outpost%22,"NARA RG 59, Purport Lists and Cards, NAID 88176221, M973-607-0500.","Request the underlying Central Decimal File source copy, then record author/post, recipient, enclosures, routing, and exact FRUS duplicate proof. After source copy arrives, decide promote/hold/exclude, assign final number, normalize source note, and draft headnote/annotation.","","",""
ASM-021,WDS-021,Unassigned pending final selection,3,"OWI Overseas, VOA, Directives, and Outposts",CH3-S11,"Embassy, outpost, and field implementation reports",DOC50-011,CHR-021,SEL-011,PKT-011,DUP-021,CITE-021,1944-07-09,"July 9, 1944",Switzerland telegram carrying OWI message on prewar Bern-Rome communications,OWI Overseas and VOA,State cable / implementation,Implementation or reaction document,Medium,Hold pending source-copy and duplicate proof,"Use to prove that Washington guidance reached posts, outposts, media desks, or foreign audiences.",Pending review,Needed,Unchecked,Pending source-copy citation,Check persons and offices against authority-control register before final annotation,Evidence cross-reference not yet assigned,Not yet ruled,selection: Pending review; source copy: Needed; duplicate: Unchecked; citation: Pending source-copy citation; authority: needed; evidence: Evidence cross-reference not yet assigned; boundary: Not yet ruled,"Explain originating post or office, Washington policy link, local implementation, foreign reaction, and why the cable belongs in a public-diplomacy FRUS volume.",PULL-001,DKT-001; DKT-005; DKT-008; DKT-002; DKT-006,"103.9166/7-944; M973 roll 607, image 0500",https://catalog.archives.gov/id/88176221,https://history.state.gov/search?q=%22Bern-Rome%20communications%22%20OWI,"NARA RG 59, Purport Lists and Cards, NAID 88176221, M973-607-0500.","Request the underlying Central Decimal File source copy, then record author/post, recipient, enclosures, routing, and exact FRUS duplicate proof. After source copy arrives, decide promote/hold/exclude, assign final number, normalize source note, and draft headnote/annotation.","","",""
ASM-022,WDS-022,Unassigned pending final selection,3,"OWI Overseas, VOA, Directives, and Outposts",CH3-S12,"Embassy, outpost, and field implementation reports",DOC50-009,CHR-022,SEL-009,PKT-009,DUP-022,CITE-022,1944-07-10,"July 10, 1944",Dakar telegram to Motion Picture Radio Division advising United Newsreel 108 arrived,OWI Overseas and VOA,State cable / implementation,Implementation or reaction document,Medium,Hold pending source-copy and duplicate proof,"Use to prove that Washington guidance reached posts, outposts, media desks, or foreign audiences.",Pending review,Needed,Unchecked,Pending source-copy citation,Check persons and offices against authority-control register before final annotation,Evidence cross-reference not yet assigned,Not yet ruled,selection: Pending review; source copy: Needed; duplicate: Unchecked; citation: Pending source-copy citation; authority: needed; evidence: Evidence cross-reference not yet assigned; boundary: Not yet ruled,"Explain originating post or office, Washington policy link, local implementation, foreign reaction, and why the cable belongs in a public-diplomacy FRUS volume.",PULL-001,DKT-001; DKT-005; DKT-008; DKT-002; DKT-006,"103.9166/7-1044; M973 roll 607, image 0500",https://catalog.archives.gov/id/88176221,https://history.state.gov/search?q=%22United%20Newsreel%20108%22,"NARA RG 59, Purport Lists and Cards, NAID 88176221, M973-607-0500.","Request the underlying Central Decimal File source copy, then record author/post, recipient, enclosures, routing, and exact FRUS duplicate proof. After source copy arrives, decide promote/hold/exclude, assign final number, normalize source note, and draft headnote/annotation.","","",""
ASM-023,WDS-023,Unassigned pending final selection,3,"OWI Overseas, VOA, Directives, and Outposts",CH3-S13,"Embassy, outpost, and field implementation reports",DOC50-012,CHR-023,SEL-012,PKT-012,DUP-023,CITE-023,1944-08-08,"August 8, 1944",Manchester dispatch enclosing notices on the OWI Information Center Unit,OWI Overseas and VOA,State cable / implementation,Implementation or reaction document,High,Hold pending source-copy and duplicate proof,"Use to prove that Washington guidance reached posts, outposts, media desks, or foreign audiences.",Pending review,Needed,Unchecked,Pending source-copy citation,Check persons and offices against authority-control register before final annotation,Evidence cross-reference not yet assigned,Not yet ruled,selection: Pending review; source copy: Needed; duplicate: Unchecked; citation: Pending source-copy citation; authority: needed; evidence: Evidence cross-reference not yet assigned; boundary: Not yet ruled,"Explain originating post or office, Washington policy link, local implementation, foreign reaction, and why the cable belongs in a public-diplomacy FRUS volume.",PULL-001,DKT-001; DKT-005; DKT-008; DKT-002; DKT-006,"103.9166/8-844; M973 roll 607, image 0550",https://catalog.archives.gov/id/88176221,https://history.state.gov/search?q=%22Information%20Center%20Unit%22%20Manchester%20OWI,"NARA RG 59, Purport Lists and Cards, NAID 88176221, M973-607-0550.","Request the underlying Central Decimal File source copy, then record author/post, recipient, enclosures, routing, and exact FRUS duplicate proof. After source copy arrives, decide promote/hold/exclude, assign final number, normalize source note, and draft headnote/annotation.","","",""
ASM-024,WDS-024,Unassigned pending final selection,3,"OWI Overseas, VOA, Directives, and Outposts",CH3-S14,"Embassy, outpost, and field implementation reports",DOC50-013,CHR-024,SEL-013,PKT-013,DUP-024,CITE-024,1944-08-08,"August 8, 1944","Manchester Press Attache report for the week ending August 5, 1944",OWI Overseas and VOA,State cable / implementation,Implementation or reaction document,Medium,Hold pending source-copy and duplicate proof,"Use to prove that Washington guidance reached posts, outposts, media desks, or foreign audiences.",Pending review,Needed,Unchecked,Pending source-copy citation,Check persons and offices against authority-control register before final annotation,Evidence cross-reference not yet assigned,Not yet ruled,selection: Pending review; source copy: Needed; duplicate: Unchecked; citation: Pending source-copy citation; authority: needed; evidence: Evidence cross-reference not yet assigned; boundary: Not yet ruled,"Explain originating post or office, Washington policy link, local implementation, foreign reaction, and why the cable belongs in a public-diplomacy FRUS volume.",PULL-001,DKT-001; DKT-005; DKT-008; DKT-002; DKT-006,"103.9166/8-844; M973 roll 607, image 0550",https://catalog.archives.gov/id/88176221,https://history.state.gov/search?q=%22Manchester%20Press%20Attache%22%20%22August%205%2C%201944%22,"NARA RG 59, Purport Lists and Cards, NAID 88176221, M973-607-0550.","Request the underlying Central Decimal File source copy, then record author/post, recipient, enclosures, routing, and exact FRUS duplicate proof. After source copy arrives, decide promote/hold/exclude, assign final number, normalize source note, and draft headnote/annotation.","","",""
ASM-025,WDS-025,Unassigned pending final selection,3,"OWI Overseas, VOA, Directives, and Outposts",CH3-S15,OWI policy coordination and Allied directive crosswalks,DOC50-034,CHR-025,SEL-034,PKT-034,DUP-025,CITE-025,1944-09-01,September 1944,Regional Directives-September 1944,OWI Overseas and VOA,Policy coordination,Coordination bridge document,Medium,Hold pending source-copy and duplicate proof,"Use to show interagency coordination, Allied crosswalks, or boundary relationships that explain how public diplomacy was governed.",Pending review,Needed,Unchecked,Pending source-copy citation,Check persons and offices against authority-control register before final annotation,Evidence cross-reference not yet assigned,Not yet ruled,selection: Pending review; source copy: Needed; duplicate: Unchecked; citation: Pending source-copy citation; authority: needed; evidence: Evidence cross-reference not yet assigned; boundary: Not yet ruled,"Draft a short annotation that ties the record to policy, implementation, reaction, source-copy, duplicate, citation, and authority gates.",PULL-004,DKT-001; DKT-005; DKT-008; DKT-004,NAID 4732351,https://catalog.archives.gov/id/4732351,https://history.state.gov/search?q=%22Regional%20Directives-September%201944%22%20OWI,"NARA RG 208, Record Set of Policy Directives, Regional Directives-September 1944, NAID 4732351.","Pull directive source copy, extract issuing office and target themes, then pair with implementation or reaction evidence before promotion. After source copy arrives, decide promote/hold/exclude, assign final number, normalize source note, and draft headnote/annotation.","","",""
ASM-026,WDS-026,Unassigned pending final selection,3,"OWI Overseas, VOA, Directives, and Outposts",CH3-S16,"Embassy, outpost, and field implementation reports",DOC50-014,CHR-026,SEL-014,PKT-014,DUP-026,CITE-026,1944-09-02,"September 2, 1944",Naples telegram on the present state of OWI thinking with regard to Balkan affairs,OWI Overseas and VOA,State cable / implementation,Implementation or reaction document,Critical,Priority promotion review after source copy,"Use to prove that Washington guidance reached posts, outposts, media desks, or foreign audiences.",Pending review,Needed,Unchecked,Pending source-copy citation,Check persons and offices against authority-control register before final annotation,Evidence cross-reference not yet assigned,Not yet ruled,selection: Pending review; source copy: Needed; duplicate: Unchecked; citation: Pending source-copy citation; authority: needed; evidence: Evidence cross-reference not yet assigned; boundary: Not yet ruled,"Explain originating post or office, Washington policy link, local implementation, foreign reaction, and why the cable belongs in a public-diplomacy FRUS volume.",PULL-001,DKT-001; DKT-005; DKT-008; DKT-002; DKT-006,"103.9166/9-244; M973 roll 607, image 0600",https://catalog.archives.gov/id/88176221,https://history.state.gov/search?q=%22OWI%27s%20thinking%22%20%22Balkan%20affairs%22,"NARA RG 59, Purport Lists and Cards, NAID 88176221, M973-607-0600.","Request the underlying Central Decimal File source copy, then record author/post, recipient, enclosures, routing, and exact FRUS duplicate proof. After source copy arrives, decide promote/hold/exclude, assign final number, normalize source note, and draft headnote/annotation.","","",""
ASM-027,WDS-027,Unassigned pending final selection,3,"OWI Overseas, VOA, Directives, and Outposts",CH3-S17,"Embassy, outpost, and field implementation reports",DOC50-015,CHR-027,SEL-015,PKT-015,DUP-027,CITE-027,1944-09-02,"September 2, 1944",Switzerland telegram submitting suggestions for Allied propaganda for Italy,OWI Overseas and VOA,State cable / implementation,Implementation or reaction document,Critical,Priority promotion review after source copy,"Use to prove that Washington guidance reached posts, outposts, media desks, or foreign audiences.",Pending review,Needed,Unchecked,Pending source-copy citation,Check persons and offices against authority-control register before final annotation,Evidence cross-reference not yet assigned,Not yet ruled,selection: Pending review; source copy: Needed; duplicate: Unchecked; citation: Pending source-copy citation; authority: needed; evidence: Evidence cross-reference not yet assigned; boundary: Not yet ruled,"Explain originating post or office, Washington policy link, local implementation, foreign reaction, and why the cable belongs in a public-diplomacy FRUS volume.",PULL-001,DKT-001; DKT-005; DKT-008; DKT-002; DKT-006,"103.9166/9-244; M973 roll 607, image 0600",https://catalog.archives.gov/id/88176221,https://history.state.gov/search?q=%22suggestions%20for%20allied%20propaganda%20for%20Italy%22,"NARA RG 59, Purport Lists and Cards, NAID 88176221, M973-607-0600.","Request the underlying Central Decimal File source copy, then record author/post, recipient, enclosures, routing, and exact FRUS duplicate proof. After source copy arrives, decide promote/hold/exclude, assign final number, normalize source note, and draft headnote/annotation.","","",""
ASM-028,WDS-028,Unassigned pending final selection,3,"OWI Overseas, VOA, Directives, and Outposts",CH3-S18,"Embassy, outpost, and field implementation reports",DOC50-016,CHR-028,SEL-016,PKT-016,DUP-028,CITE-028,1944-09-02,"September 2, 1944",Suva telegram summarizing a Central Directive from OWI,OWI Overseas and VOA,State cable / implementation,Implementation or reaction document,High,Hold pending source-copy and duplicate proof,"Use to prove that Washington guidance reached posts, outposts, media desks, or foreign audiences.",Pending review,Needed,Unchecked,Pending source-copy citation,Check persons and offices against authority-control register before final annotation,Evidence cross-reference not yet assigned,Not yet ruled,selection: Pending review; source copy: Needed; duplicate: Unchecked; citation: Pending source-copy citation; authority: needed; evidence: Evidence cross-reference not yet assigned; boundary: Not yet ruled,"Explain originating post or office, Washington policy link, local implementation, foreign reaction, and why the cable belongs in a public-diplomacy FRUS volume.",PULL-001,DKT-001; DKT-005; DKT-008; DKT-002; DKT-006,"103.9166/9-244; M973 roll 607, image 0600",https://catalog.archives.gov/id/88176221,https://history.state.gov/search?q=%22Summary%20of%20Central%20Directive%20from%20OWI%22,"NARA RG 59, Purport Lists and Cards, NAID 88176221, M973-607-0600.","Request the underlying Central Decimal File source copy, then record author/post, recipient, enclosures, routing, and exact FRUS duplicate proof. After source copy arrives, decide promote/hold/exclude, assign final number, normalize source note, and draft headnote/annotation.","","",""
ASM-029,WDS-029,Unassigned pending final selection,4,Hemisphere Information and Cultural Exchange,CH4-S03,"CIAA/OIAA post implementation, radio, and film traffic",DOC50-001,CHR-029,SEL-001,PKT-001,DUP-029,CITE-029,1944-09-09,"September 9-11, 1944",CIAA circular announcing morning and noon Spanish-language shortwave service,Hemisphere and Cultural Exchange,State cable / implementation,Implementation or reaction document,High,Hold pending source-copy and duplicate proof,"Use to prove that Washington guidance reached posts, outposts, media desks, or foreign audiences.",Pending review,Needed,Unchecked,Pending source-copy citation,Check persons and offices against authority-control register before final annotation,Evidence cross-reference not yet assigned,Not yet ruled,selection: Pending review; source copy: Needed; duplicate: Unchecked; citation: Pending source-copy citation; authority: needed; evidence: Evidence cross-reference not yet assigned; boundary: Not yet ruled,"Explain originating post or office, Washington policy link, local implementation, foreign reaction, and why the cable belongs in a public-diplomacy FRUS volume.",PULL-002; PULL-007,DKT-001; DKT-005; DKT-008; DKT-003; DKT-006,"103.9161/9-944; M973 roll 607, image 0095",https://catalog.archives.gov/id/88176221,https://history.state.gov/search?q=%22103.9161%2F9-944%22,"NARA RG 59, Purport Lists and Cards, 7/1944-12/1944: 103.91602/4-1544 - 103.9166/12-3144, NAID 88176221, M973-607-0095.","Request the underlying Central Decimal File source copy, then record author/post, recipient, enclosures, routing, and exact FRUS duplicate proof. After source copy arrives, decide promote/hold/exclude, assign final number, normalize source note, and draft headnote/annotation.","","",""
ASM-030,WDS-030,Unassigned pending final selection,4,Hemisphere Information and Cultural Exchange,CH4-S04,"CIAA/OIAA post implementation, radio, and film traffic",DOC50-002,CHR-030,SEL-002,PKT-002,DUP-030,CITE-030,1944-09-21,"September 21, 1944",Dominican Republic report that WNBI broadcasts were excellent but reception varied by date,Hemisphere and Cultural Exchange,State cable / implementation,Implementation or reaction document,High,Hold pending source-copy and duplicate proof,"Use to prove that Washington guidance reached posts, outposts, media desks, or foreign audiences.",Pending review,Needed,Unchecked,Pending source-copy citation,Check persons and offices against authority-control register before final annotation,Evidence cross-reference not yet assigned,Not yet ruled,selection: Pending review; source copy: Needed; duplicate: Unchecked; citation: Pending source-copy citation; authority: needed; evidence: Evidence cross-reference not yet assigned; boundary: Not yet ruled,"Explain originating post or office, Washington policy link, local implementation, foreign reaction, and why the cable belongs in a public-diplomacy FRUS volume.",PULL-002; PULL-007,DKT-001; DKT-005; DKT-008; DKT-003; DKT-006,"103.9161/9-2144; M973 roll 607, image 0100",https://catalog.archives.gov/id/88176221,https://history.state.gov/search?q=%22103.9161%2F9-2144%22,"NARA RG 59, Purport Lists and Cards, NAID 88176221, M973-607-0100.","Request the underlying Central Decimal File source copy, then record author/post, recipient, enclosures, routing, and exact FRUS duplicate proof. After source copy arrives, decide promote/hold/exclude, assign final number, normalize source note, and draft headnote/annotation.","","",""
ASM-031,WDS-031,Unassigned pending final selection,4,Hemisphere Information and Cultural Exchange,CH4-S05,"CIAA/OIAA post implementation, radio, and film traffic",DOC50-008,CHR-031,SEL-008,PKT-008,DUP-031,CITE-031,1944-09-21,"September 21, 1944",Costa Rica telegram enclosing Nelson Rockefeller message for Teodoro Picado,Hemisphere and Cultural Exchange,State cable / implementation,Implementation or reaction document,Medium,Hold pending source-copy and duplicate proof,"Use to prove that Washington guidance reached posts, outposts, media desks, or foreign audiences.",Pending review,Needed,Unchecked,Pending source-copy citation,Check persons and offices against authority-control register before final annotation,Evidence cross-reference not yet assigned,Not yet ruled,selection: Pending review; source copy: Needed; duplicate: Unchecked; citation: Pending source-copy citation; authority: needed; evidence: Evidence cross-reference not yet assigned; boundary: Not yet ruled,"Explain originating post or office, Washington policy link, local implementation, foreign reaction, and why the cable belongs in a public-diplomacy FRUS volume.",PULL-002; PULL-007,DKT-001; DKT-005; DKT-008; DKT-003; DKT-006,"103.9161/9-2144; M973 roll 607, image 0100",https://catalog.archives.gov/id/88176221,https://history.state.gov/search?q=%22Teodoro%20Picado%22%20%22Rockefeller%22%20%221944%22,"NARA RG 59, Purport Lists and Cards, NAID 88176221, M973-607-0100.","Request the underlying Central Decimal File source copy, then record author/post, recipient, enclosures, routing, and exact FRUS duplicate proof. After source copy arrives, decide promote/hold/exclude, assign final number, normalize source note, and draft headnote/annotation.","","",""
ASM-032,WDS-032,Unassigned pending final selection,4,Hemisphere Information and Cultural Exchange,CH4-S06,"CIAA/OIAA post implementation, radio, and film traffic",DOC50-003,CHR-032,SEL-003,PKT-003,DUP-032,CITE-032,1944-09-22,"September 22, 1944",Circular to diplomatic officers requesting replies to a motion-picture questionnaire,Hemisphere and Cultural Exchange,State cable / implementation,Implementation or reaction document,Medium,Hold pending source-copy and duplicate proof,"Use to prove that Washington guidance reached posts, outposts, media desks, or foreign audiences.",Pending review,Needed,Unchecked,Pending source-copy citation,Check persons and offices against authority-control register before final annotation,Evidence cross-reference not yet assigned,Not yet ruled,selection: Pending review; source copy: Needed; duplicate: Unchecked; citation: Pending source-copy citation; authority: needed; evidence: Evidence cross-reference not yet assigned; boundary: Not yet ruled,"Explain originating post or office, Washington policy link, local implementation, foreign reaction, and why the cable belongs in a public-diplomacy FRUS volume.",PULL-002; PULL-007,DKT-001; DKT-005; DKT-008; DKT-003; DKT-006,"103.9161/9-2244; M973 roll 607, image 0100",https://catalog.archives.gov/id/88176221,https://history.state.gov/search?q=%22103.9161%2F9-2244%22,"NARA RG 59, Purport Lists and Cards, NAID 88176221, M973-607-0100.","Request the underlying Central Decimal File source copy, then record author/post, recipient, enclosures, routing, and exact FRUS duplicate proof. After source copy arrives, decide promote/hold/exclude, assign final number, normalize source note, and draft headnote/annotation.","","",""
ASM-033,WDS-033,Unassigned pending final selection,4,Hemisphere Information and Cultural Exchange,CH4-S07,"CIAA/OIAA post implementation, radio, and film traffic",DOC50-004,CHR-033,SEL-004,PKT-004,DUP-033,CITE-033,1944-10-20,"October 20, 1944",Colombia telegram listing latest CIAA program numbers and expiration dates,Hemisphere and Cultural Exchange,State cable / implementation,Implementation or reaction document,High,Hold pending source-copy and duplicate proof,"Use to prove that Washington guidance reached posts, outposts, media desks, or foreign audiences.",Pending review,Needed,Unchecked,Pending source-copy citation,Check persons and offices against authority-control register before final annotation,Evidence cross-reference not yet assigned,Not yet ruled,selection: Pending review; source copy: Needed; duplicate: Unchecked; citation: Pending source-copy citation; authority: needed; evidence: Evidence cross-reference not yet assigned; boundary: Not yet ruled,"Explain originating post or office, Washington policy link, local implementation, foreign reaction, and why the cable belongs in a public-diplomacy FRUS volume.",PULL-002; PULL-007,DKT-001; DKT-005; DKT-008; DKT-003; DKT-006,"103.9161/10-2044; M973 roll 607, image 0110",https://catalog.archives.gov/id/88176221,https://history.state.gov/search?q=%22103.9161%2F10-2044%22,"NARA RG 59, Purport Lists and Cards, NAID 88176221, M973-607-0110.","Request the underlying Central Decimal File source copy, then record author/post, recipient, enclosures, routing, and exact FRUS duplicate proof. After source copy arrives, decide promote/hold/exclude, assign final number, normalize source note, and draft headnote/annotation.","","",""
ASM-034,WDS-034,Unassigned pending final selection,4,Hemisphere Information and Cultural Exchange,CH4-S08,"CIAA/OIAA post implementation, radio, and film traffic",DOC50-005,CHR-034,SEL-005,PKT-005,DUP-034,CITE-034,1944-10-20,"October 20, 1944",Chile telegram reporting that no CIAA transcriptions were then in use,Hemisphere and Cultural Exchange,State cable / implementation,Implementation or reaction document,Medium,Hold pending source-copy and duplicate proof,"Use to prove that Washington guidance reached posts, outposts, media desks, or foreign audiences.",Pending review,Needed,Unchecked,Pending source-copy citation,Check persons and offices against authority-control register before final annotation,Evidence cross-reference not yet assigned,Not yet ruled,selection: Pending review; source copy: Needed; duplicate: Unchecked; citation: Pending source-copy citation; authority: needed; evidence: Evidence cross-reference not yet assigned; boundary: Not yet ruled,"Explain originating post or office, Washington policy link, local implementation, foreign reaction, and why the cable belongs in a public-diplomacy FRUS volume.",PULL-002; PULL-007,DKT-001; DKT-005; DKT-008; DKT-003; DKT-006,"103.9161/10-2044; M973 roll 607, image 0110",https://catalog.archives.gov/id/88176221,https://history.state.gov/search?q=%22103.9161%2F10-2044%22,"NARA RG 59, Purport Lists and Cards, NAID 88176221, M973-607-0110.","Request the underlying Central Decimal File source copy, then record author/post, recipient, enclosures, routing, and exact FRUS duplicate proof. After source copy arrives, decide promote/hold/exclude, assign final number, normalize source note, and draft headnote/annotation.","","",""
ASM-035,WDS-035,Unassigned pending final selection,3,"OWI Overseas, VOA, Directives, and Outposts",CH3-S19,OWI long-range policy and broadcast guidance,DOC50-026,CHR-035,SEL-026,PKT-026,DUP-035,CITE-035,1944-10-28,"October 28, 1944",Long-Range Directive for Czechoslovakia,OWI Overseas and VOA,Policy guidance,Policy directive / guidance document,High,Hold pending source-copy and duplicate proof,"Use as a policy spine candidate that can anchor later implementation, post reporting, or reaction evidence.",Pending review,Needed,Unchecked,Pending source-copy citation,Check persons and offices against authority-control register before final annotation,Evidence cross-reference not yet assigned,Not yet ruled,selection: Pending review; source copy: Needed; duplicate: Unchecked; citation: Pending source-copy citation; authority: needed; evidence: Evidence cross-reference not yet assigned; boundary: Not yet ruled,"Explain issuing authority, target audience or theater, relationship to State/OWI policy, and downstream implementation or reaction records needed.",PULL-003,DKT-001; DKT-005; DKT-008; DKT-004,NAID 4732375,https://catalog.archives.gov/id/4732375,https://history.state.gov/search?q=%22Long-Range%20Directive%20for%20Czechoslovakia%22,"NARA RG 208, Record Set of Policy Directives, Long-Range Directive for Czechoslovakia-October 28, 1944, NAID 4732375.","Pull directive source copy, extract issuing office and target themes, then pair with implementation or reaction evidence before promotion. After source copy arrives, decide promote/hold/exclude, assign final number, normalize source note, and draft headnote/annotation.","","",""
ASM-036,WDS-036,Unassigned pending final selection,3,"OWI Overseas, VOA, Directives, and Outposts",CH3-S20,"Embassy, outpost, and field implementation reports",DOC50-017,CHR-036,SEL-017,PKT-017,DUP-036,CITE-036,1944-10-31,"October 31, 1944",Las Palmas report on Legation activities for OWI and American programs broadcast in September,OWI Overseas and VOA,State cable / implementation,Implementation or reaction document,High,Hold pending source-copy and duplicate proof,"Use to prove that Washington guidance reached posts, outposts, media desks, or foreign audiences.",Pending review,Needed,Unchecked,Pending source-copy citation,Check persons and offices against authority-control register before final annotation,Evidence cross-reference not yet assigned,Not yet ruled,selection: Pending review; source copy: Needed; duplicate: Unchecked; citation: Pending source-copy citation; authority: needed; evidence: Evidence cross-reference not yet assigned; boundary: Not yet ruled,"Explain originating post or office, Washington policy link, local implementation, foreign reaction, and why the cable belongs in a public-diplomacy FRUS volume.",PULL-001,DKT-001; DKT-005; DKT-008; DKT-002; DKT-006,"103.9166/10-3144; M973 roll 607, image 0700",https://catalog.archives.gov/id/88176221,https://history.state.gov/search?q=%22American%20programs%20broadcast%22%20%22Las%20Palmas%22,"NARA RG 59, Purport Lists and Cards, NAID 88176221, M973-607-0700.","Request the underlying Central Decimal File source copy, then record author/post, recipient, enclosures, routing, and exact FRUS duplicate proof. After source copy arrives, decide promote/hold/exclude, assign final number, normalize source note, and draft headnote/annotation.","","",""
ASM-037,WDS-037,Unassigned pending final selection,4,Hemisphere Information and Cultural Exchange,CH4-S09,"CIAA/OIAA post implementation, radio, and film traffic",DOC50-007,CHR-037,SEL-007,PKT-007,DUP-037,CITE-037,1944-11-20,"November 20, 1944",Brazil telegram on proposed Hemisphere information service through CIAA,Hemisphere and Cultural Exchange,State cable / implementation,Implementation or reaction document,High,Hold pending source-copy and duplicate proof,"Use to prove that Washington guidance reached posts, outposts, media desks, or foreign audiences.",Pending review,Needed,Unchecked,Pending source-copy citation,Check persons and offices against authority-control register before final annotation,Evidence cross-reference not yet assigned,Not yet ruled,selection: Pending review; source copy: Needed; duplicate: Unchecked; citation: Pending source-copy citation; authority: needed; evidence: Evidence cross-reference not yet assigned; boundary: Not yet ruled,"Explain originating post or office, Washington policy link, local implementation, foreign reaction, and why the cable belongs in a public-diplomacy FRUS volume.",PULL-002; PULL-007,DKT-001; DKT-005; DKT-008; DKT-003; DKT-006,"103.9161/11-2044; M973 roll 607, image 0120",https://catalog.archives.gov/id/88176221,https://history.state.gov/search?q=%22Hemisphere%20information%20service%22%20CIAA,"NARA RG 59, Purport Lists and Cards, NAID 88176221, M973-607-0120.","Request the underlying Central Decimal File source copy, then record author/post, recipient, enclosures, routing, and exact FRUS duplicate proof. After source copy arrives, decide promote/hold/exclude, assign final number, normalize source note, and draft headnote/annotation.","","",""
ASM-038,WDS-038,Unassigned pending final selection,3,"OWI Overseas, VOA, Directives, and Outposts",CH3-S21,OWI long-range policy and broadcast guidance,DOC50-028,CHR-038,SEL-028,PKT-028,DUP-038,CITE-038,1944-11-20,"November 20, 1944",Netherlands Long Range Directive,OWI Overseas and VOA,Policy guidance,Policy directive / guidance document,Medium,Hold pending source-copy and duplicate proof,"Use as a policy spine candidate that can anchor later implementation, post reporting, or reaction evidence.",Pending review,Needed,Unchecked,Pending source-copy citation,Check persons and offices against authority-control register before final annotation,Evidence cross-reference not yet assigned,Not yet ruled,selection: Pending review; source copy: Needed; duplicate: Unchecked; citation: Pending source-copy citation; authority: needed; evidence: Evidence cross-reference not yet assigned; boundary: Not yet ruled,"Explain issuing authority, target audience or theater, relationship to State/OWI policy, and downstream implementation or reaction records needed.",PULL-003,DKT-001; DKT-005; DKT-008; DKT-004,NAID 4732392,https://catalog.archives.gov/id/4732392,https://history.state.gov/search?q=%22Netherlands%20Long%20Range%20Directive%22,"NARA RG 208, Record Set of Policy Directives, Extra Copies of Netherlands Long Range Directive-November 20, 1944, NAID 4732392.","Pull directive source copy, extract issuing office and target themes, then pair with implementation or reaction evidence before promotion. After source copy arrives, decide promote/hold/exclude, assign final number, normalize source note, and draft headnote/annotation.","","",""
ASM-039,WDS-039,Unassigned pending final selection,4,Hemisphere Information and Cultural Exchange,CH4-S10,"CIAA/OIAA post implementation, radio, and film traffic",DOC50-006,CHR-039,SEL-006,PKT-006,DUP-039,CITE-039,1944-11-21,"November 21, 1944",Circular transmitting changes in the English shortwave schedule,Hemisphere and Cultural Exchange,State cable / implementation,Implementation or reaction document,High,Hold pending source-copy and duplicate proof,"Use to prove that Washington guidance reached posts, outposts, media desks, or foreign audiences.",Pending review,Needed,Unchecked,Pending source-copy citation,Check persons and offices against authority-control register before final annotation,Evidence cross-reference not yet assigned,Not yet ruled,selection: Pending review; source copy: Needed; duplicate: Unchecked; citation: Pending source-copy citation; authority: needed; evidence: Evidence cross-reference not yet assigned; boundary: Not yet ruled,"Explain originating post or office, Washington policy link, local implementation, foreign reaction, and why the cable belongs in a public-diplomacy FRUS volume.",PULL-002; PULL-007,DKT-001; DKT-005; DKT-008; DKT-003; DKT-006,"103.9161/11-2144; M973 roll 607, image 0120",https://catalog.archives.gov/id/88176221,https://history.state.gov/search?q=%22English%20short%20wave%20schedule%22,"NARA RG 59, Purport Lists and Cards, NAID 88176221, M973-607-0120.","Request the underlying Central Decimal File source copy, then record author/post, recipient, enclosures, routing, and exact FRUS duplicate proof. After source copy arrives, decide promote/hold/exclude, assign final number, normalize source note, and draft headnote/annotation.","","",""
ASM-040,WDS-040,Unassigned pending final selection,3,"OWI Overseas, VOA, Directives, and Outposts",CH3-S22,OWI long-range policy and broadcast guidance,DOC50-022,CHR-040,SEL-022,PKT-022,DUP-040,CITE-040,1944-12-05,"December 5, 1944",Long Range Directive for Germany,OWI Overseas and VOA,Policy guidance,Policy directive / guidance document,High,Hold pending source-copy and duplicate proof,"Use as a policy spine candidate that can anchor later implementation, post reporting, or reaction evidence.",Pending review,Needed,Unchecked,Pending source-copy citation,Check persons and offices against authority-control register before final annotation,Evidence cross-reference not yet assigned,Not yet ruled,selection: Pending review; source copy: Needed; duplicate: Unchecked; citation: Pending source-copy citation; authority: needed; evidence: Evidence cross-reference not yet assigned; boundary: Not yet ruled,"Explain issuing authority, target audience or theater, relationship to State/OWI policy, and downstream implementation or reaction records needed.",PULL-003,DKT-001; DKT-005; DKT-008; DKT-004,NAID 4732381,https://catalog.archives.gov/id/4732381,https://history.state.gov/search?q=%22Long%20Range%20Directive%20for%20Germany%22%20%221944%22,"NARA RG 208, Record Set of Policy Directives, Extra Copies of Long Range Directive for Germany-December 5, 1944, NAID 4732381.","Pull directive source copy, extract issuing office and target themes, then pair with implementation or reaction evidence before promotion. After source copy arrives, decide promote/hold/exclude, assign final number, normalize source note, and draft headnote/annotation.","","",""
ASM-041,WDS-041,Unassigned pending final selection,3,"OWI Overseas, VOA, Directives, and Outposts",CH3-S23,"Embassy, outpost, and field implementation reports",DOC50-018,CHR-041,SEL-018,PKT-018,DUP-041,CITE-041,1944-12-06,"December 6, 1944","New Zealand report on informational activities on behalf of OWI, September-October 1944",OWI Overseas and VOA,State cable / implementation,Implementation or reaction document,Medium,Hold pending source-copy and duplicate proof,"Use to prove that Washington guidance reached posts, outposts, media desks, or foreign audiences.",Pending review,Needed,Unchecked,Pending source-copy citation,Check persons and offices against authority-control register before final annotation,Evidence cross-reference not yet assigned,Not yet ruled,selection: Pending review; source copy: Needed; duplicate: Unchecked; citation: Pending source-copy citation; authority: needed; evidence: Evidence cross-reference not yet assigned; boundary: Not yet ruled,"Explain originating post or office, Washington policy link, local implementation, foreign reaction, and why the cable belongs in a public-diplomacy FRUS volume.",PULL-001,DKT-001; DKT-005; DKT-008; DKT-002; DKT-006,"103.9166/12-644; M973 roll 607, image 0750",https://catalog.archives.gov/id/88176221,https://history.state.gov/search?q=%22informational%20activities%22%20%22Office%20of%20War%20Information%22%20%22New%20Zealand%22,"NARA RG 59, Purport Lists and Cards, NAID 88176221, M973-607-0750.","Request the underlying Central Decimal File source copy, then record author/post, recipient, enclosures, routing, and exact FRUS duplicate proof. After source copy arrives, decide promote/hold/exclude, assign final number, normalize source note, and draft headnote/annotation.","","",""
ASM-042,WDS-042,Unassigned pending final selection,3,"OWI Overseas, VOA, Directives, and Outposts",CH3-S24,OWI long-range policy and broadcast guidance,DOC50-027,CHR-042,SEL-027,PKT-027,DUP-042,CITE-042,1944-12-06,"December 6, 1944",Long-Range Guidance-Switzerland,OWI Overseas and VOA,Policy guidance,Policy directive / guidance document,High,Hold pending source-copy and duplicate proof,"Use as a policy spine candidate that can anchor later implementation, post reporting, or reaction evidence.",Pending review,Needed,Unchecked,Pending source-copy citation,Check persons and offices against authority-control register before final annotation,Evidence cross-reference not yet assigned,Not yet ruled,selection: Pending review; source copy: Needed; duplicate: Unchecked; citation: Pending source-copy citation; authority: needed; evidence: Evidence cross-reference not yet assigned; boundary: Not yet ruled,"Explain issuing authority, target audience or theater, relationship to State/OWI policy, and downstream implementation or reaction records needed.",PULL-003,DKT-001; DKT-005; DKT-008; DKT-004,NAID 4732402,https://catalog.archives.gov/id/4732402,https://history.state.gov/search?q=%22Long-Range%20Guidance-Switzerland%22,"NARA RG 208, Record Set of Policy Directives, Long-Range Guidance-Switzerland-December 6, 1944, NAID 4732402.","Pull directive source copy, extract issuing office and target themes, then pair with implementation or reaction evidence before promotion. After source copy arrives, decide promote/hold/exclude, assign final number, normalize source note, and draft headnote/annotation.","","",""
ASM-043,WDS-043,Unassigned pending final selection,3,"OWI Overseas, VOA, Directives, and Outposts",CH3-S25,Psychological-warfare and directive boundary checks,DOC50-037,CHR-043,SEL-037,PKT-037,DUP-043,CITE-043,1945-01-12,"January 12, 1945",Weekly Propaganda Directive Office of War Information Czechoslovakia,OWI Overseas and VOA,Boundary directive,Boundary or context document,Medium,Boundary review before promotion,"Use only if the source copy shows foreign-policy significance, State/White House/OWI coordination, or a direct public-diplomacy decision.",Pending review,Needed,Unchecked,Pending source-copy citation,Check persons and offices against authority-control register before final annotation,Evidence cross-reference not yet assigned,Boundary review required,selection: Pending review; source copy: Needed; duplicate: Unchecked; citation: Pending source-copy citation; authority: needed; evidence: Evidence cross-reference not yet assigned; boundary: Boundary review required,"Explain why this boundary record is included, held, or excluded under public-diplomacy selection rules.",PULL-010,DKT-001; DKT-005; DKT-008; DKT-004,NAID 2149191,https://catalog.archives.gov/id/2149191,https://history.state.gov/search?q=%22Weekly%20Propaganda%20Directive%20Office%20of%20War%20Information%20Czechoslovakia%22,"NARA RG 165, Weekly Propaganda Directive Office of War Information Czechoslovakia January 12, 1945, NAID 2149191.","Apply the boundary rule: promote only if the record shows State/OWI coordination, diplomatic controversy, or public-diplomacy policy beyond tactical warfare. After source copy arrives, decide promote/hold/exclude, assign final number, normalize source note, and draft headnote/annotation.","","",""
ASM-044,WDS-044,Unassigned pending final selection,3,"OWI Overseas, VOA, Directives, and Outposts",CH3-S26,OWI long-range policy and broadcast guidance,DOC50-035,CHR-044,SEL-035,PKT-035,DUP-044,CITE-044,1945-01-30,"January 30, 1945",Long-Range Policy Directive for Thailand,OWI Overseas and VOA,Policy guidance,Policy directive / guidance document,Medium,Hold pending source-copy and duplicate proof,"Use as a policy spine candidate that can anchor later implementation, post reporting, or reaction evidence.",Pending review,Needed,Unchecked,Pending source-copy citation,Check persons and offices against authority-control register before final annotation,Evidence cross-reference not yet assigned,Not yet ruled,selection: Pending review; source copy: Needed; duplicate: Unchecked; citation: Pending source-copy citation; authority: needed; evidence: Evidence cross-reference not yet assigned; boundary: Not yet ruled,"Explain issuing authority, target audience or theater, relationship to State/OWI policy, and downstream implementation or reaction records needed.",PULL-003,DKT-001; DKT-005; DKT-008; DKT-004,NAID 4732400,https://catalog.archives.gov/id/4732400,https://history.state.gov/search?q=%22Long-Range%20Policy%20Directive%20for%20Thailand%22,"NARA RG 208, Record Set of Policy Directives, Long-Range Policy Directive for Thailand-January 30, 1945, NAID 4732400.","Pull directive source copy, extract issuing office and target themes, then pair with implementation or reaction evidence before promotion. After source copy arrives, decide promote/hold/exclude, assign final number, normalize source note, and draft headnote/annotation.","","",""
ASM-045,WDS-045,Unassigned pending final selection,5,"Peace Aims, Occupation Guidance, and State Handoff",CH5-S01,"Liberation, occupation, peace-aims, and handoff directives",DOC50-025,CHR-045,SEL-025,PKT-025,DUP-045,CITE-045,1945-02-23,"February 23, 1945",Long-Range Policy Guidance-Poland,Peace Aims and Handoff,Policy guidance,Policy directive / guidance document,High,Hold pending source-copy and duplicate proof,"Use as a policy spine candidate that can anchor later implementation, post reporting, or reaction evidence.",Pending review,Needed,Unchecked,Pending source-copy citation,Check persons and offices against authority-control register before final annotation,Evidence cross-reference not yet assigned,Not yet ruled,selection: Pending review; source copy: Needed; duplicate: Unchecked; citation: Pending source-copy citation; authority: needed; evidence: Evidence cross-reference not yet assigned; boundary: Not yet ruled,"Explain issuing authority, target audience or theater, relationship to State/OWI policy, and downstream implementation or reaction records needed.",PULL-003,DKT-001; DKT-005; DKT-008; DKT-004,NAID 4732395,https://catalog.archives.gov/id/4732395,https://history.state.gov/search?q=%22Long-Range%20Policy%20Guidance-Poland%22,"NARA RG 208, Record Set of Policy Directives, Long-Range Policy Guidance-Poland-February 23, 1945, NAID 4732395.","Pull directive source copy, extract issuing office and target themes, then pair with implementation or reaction evidence before promotion. After source copy arrives, decide promote/hold/exclude, assign final number, normalize source note, and draft headnote/annotation.","","",""
ASM-046,WDS-046,Unassigned pending final selection,5,"Peace Aims, Occupation Guidance, and State Handoff",CH5-S02,"Liberation, occupation, peace-aims, and handoff directives",DOC50-024,CHR-046,SEL-024,PKT-024,DUP-046,CITE-046,1945-04-12,"April 12, 1945",Long-Range Policy Directive-Austria,Peace Aims and Handoff,Policy guidance,Policy directive / guidance document,High,Hold pending source-copy and duplicate proof,"Use as a policy spine candidate that can anchor later implementation, post reporting, or reaction evidence.",Pending review,Needed,Unchecked,Pending source-copy citation,Check persons and offices against authority-control register before final annotation,Evidence cross-reference not yet assigned,Not yet ruled,selection: Pending review; source copy: Needed; duplicate: Unchecked; citation: Pending source-copy citation; authority: needed; evidence: Evidence cross-reference not yet assigned; boundary: Not yet ruled,"Explain issuing authority, target audience or theater, relationship to State/OWI policy, and downstream implementation or reaction records needed.",PULL-003,DKT-001; DKT-005; DKT-008; DKT-004,NAID 4732367,https://catalog.archives.gov/id/4732367,https://history.state.gov/search?q=%22Long-Range%20Policy%20Directive-Austria%22,"NARA RG 208, Record Set of Policy Directives, Long-Range Policy Directive-Austria-April 12, 1945, NAID 4732367.","Pull directive source copy, extract issuing office and target themes, then pair with implementation or reaction evidence before promotion. After source copy arrives, decide promote/hold/exclude, assign final number, normalize source note, and draft headnote/annotation.","","",""
ASM-047,WDS-047,Unassigned pending final selection,5,"Peace Aims, Occupation Guidance, and State Handoff",CH5-S03,"Liberation, occupation, peace-aims, and handoff directives",DOC50-023,CHR-047,SEL-023,PKT-023,DUP-047,CITE-047,1945-04-18,"April 18, 1945",Long-Range Directive-France,Peace Aims and Handoff,Policy guidance,Policy directive / guidance document,High,Hold pending source-copy and duplicate proof,"Use as a policy spine candidate that can anchor later implementation, post reporting, or reaction evidence.",Pending review,Needed,Unchecked,Pending source-copy citation,Check persons and offices against authority-control register before final annotation,Evidence cross-reference not yet assigned,Not yet ruled,selection: Pending review; source copy: Needed; duplicate: Unchecked; citation: Pending source-copy citation; authority: needed; evidence: Evidence cross-reference not yet assigned; boundary: Not yet ruled,"Explain issuing authority, target audience or theater, relationship to State/OWI policy, and downstream implementation or reaction records needed.",PULL-003,DKT-001; DKT-005; DKT-008; DKT-004,NAID 4732378,https://catalog.archives.gov/id/4732378,https://history.state.gov/search?q=%22Long-Range%20Directive-France%22,"NARA RG 208, Record Set of Policy Directives, Long-Range Directive-France-April 18, 1945, NAID 4732378.","Pull directive source copy, extract issuing office and target themes, then pair with implementation or reaction evidence before promotion. After source copy arrives, decide promote/hold/exclude, assign final number, normalize source note, and draft headnote/annotation.","","",""
ASM-048,WDS-048,Unassigned pending final selection,5,"Peace Aims, Occupation Guidance, and State Handoff",CH5-S04,"Liberation, occupation, peace-aims, and handoff directives",DOC50-020,CHR-048,SEL-020,PKT-020,DUP-048,CITE-048,1945-04-26,"April 26, 1945",Basic Policy Directive for Information in Germany,Peace Aims and Handoff,Policy guidance,Policy directive / guidance document,Critical,Priority promotion review after source copy,"Use as a policy spine candidate that can anchor later implementation, post reporting, or reaction evidence.",Pending review,Needed,Unchecked,Pending source-copy citation,Check persons and offices against authority-control register before final annotation,Evidence cross-reference not yet assigned,Not yet ruled,selection: Pending review; source copy: Needed; duplicate: Unchecked; citation: Pending source-copy citation; authority: needed; evidence: Evidence cross-reference not yet assigned; boundary: Not yet ruled,"Explain issuing authority, target audience or theater, relationship to State/OWI policy, and downstream implementation or reaction records needed.",PULL-003,DKT-001; DKT-005; DKT-008; DKT-004,NAID 4732380,https://catalog.archives.gov/id/4732380,https://history.state.gov/search?q=%22Basic%20Policy%20Directive%20for%20Information%20in%20Germany%22,"NARA RG 208, Record Set of Policy Directives, Basic Policy Directive for Information in Germany-April 26, 1945, NAID 4732380.","Pull directive source copy, extract issuing office and target themes, then pair with implementation or reaction evidence before promotion. After source copy arrives, decide promote/hold/exclude, assign final number, normalize source note, and draft headnote/annotation.","","",""
ASM-049,WDS-049,Unassigned pending final selection,5,"Peace Aims, Occupation Guidance, and State Handoff",CH5-S05,"Liberation, occupation, peace-aims, and handoff directives",DOC50-021,CHR-049,SEL-021,PKT-021,DUP-049,CITE-049,1945-05-29,"May 29, 1945",Directive on Basic Themes for Output to Germany,Peace Aims and Handoff,Policy guidance,Policy directive / guidance document,Critical,Priority promotion review after source copy,"Use as a policy spine candidate that can anchor later implementation, post reporting, or reaction evidence.",Pending review,Needed,Unchecked,Pending source-copy citation,Check persons and offices against authority-control register before final annotation,Evidence cross-reference not yet assigned,Not yet ruled,selection: Pending review; source copy: Needed; duplicate: Unchecked; citation: Pending source-copy citation; authority: needed; evidence: Evidence cross-reference not yet assigned; boundary: Not yet ruled,"Explain issuing authority, target audience or theater, relationship to State/OWI policy, and downstream implementation or reaction records needed.",PULL-003,DKT-001; DKT-005; DKT-008; DKT-004,NAID 4732379,https://catalog.archives.gov/id/4732379,https://history.state.gov/search?q=%22Directive%20on%20Basic%20Themes%20for%20Output%20to%20Germany%22,"NARA RG 208, Record Set of Policy Directives, Directive on Basic Themes for Output to Germany-May 29, 1945, NAID 4732379.","Pull directive source copy, extract issuing office and target themes, then pair with implementation or reaction evidence before promotion. After source copy arrives, decide promote/hold/exclude, assign final number, normalize source note, and draft headnote/annotation.","","",""
ASM-050,WDS-050,Unassigned pending final selection,4,Hemisphere Information and Cultural Exchange,CH4-S11,OIAA radio reaction and operating evidence,DOC50-049,CHR-050,SEL-049,PKT-049,DUP-050,CITE-050,1945-12-31,1945,Radio Division Resume of Operations,Hemisphere and Cultural Exchange,Reception / operations evidence,Reception / operations evidence,High,Itemize file unit before decision,"Use as supporting evidence for reception, monitoring, or operational performance after pairing with a policy document.",Pending review,Needed,Unchecked,Pending source-copy citation,Check persons and offices against authority-control register before final annotation,Evidence cross-reference not yet assigned,Not yet ruled,selection: Pending review; source copy: Needed; duplicate: Unchecked; citation: Pending source-copy citation; authority: needed; evidence: Evidence cross-reference not yet assigned; boundary: Not yet ruled,Explain how reception or operations evidence corroborates a policy or implementation document.,PULL-007,DKT-001; DKT-005; DKT-008; DKT-003; DKT-006,NAID 2102897,https://catalog.archives.gov/id/2102897,https://history.state.gov/search?q=%22Radio%20Division%20Resume%20of%20Operations%22,"NARA RG 229, Office of Inter-American Affairs, Department of Information, Radio Division, Resume of Operations, NAID 2102897.","Itemize the file unit and pair radio operation or reaction evidence with RG 59/RG 84 State documentation. After source copy arrives, decide promote/hold/exclude, assign final number, normalize source note, and draft headnote/annotation.","","",""
