Citation ID,Candidate ID,Chronology ID,Decision ID,Proposed FRUS Number,Date,Title,Repository,Record Group Or Collection,Source Locator,Catalog URL,FRUS Search URL,Base Source Note,Draft FRUS Source Note,Citation Status,Missing Citation Fields,Source Copy Status,Duplicate Status,Boundary Ruling,Final Duplicate Ruling,Evidence Coverage,Repository Request Path,Related Pull Sheets,Related Docket,Next Citation Action,Checked Date,Reviewer,Notes
CITE-001,DOC50-041,CHR-001,SEL-041,"",1942-1944,"Office of War Information, 1942-1944",FDR Library / NARA Catalog,President's Secretary's File,NAID 16620603,https://catalog.archives.gov/id/16620603,https://history.state.gov/search?q=%22Office%20of%20War%20Information%2C%201942-1944%22,"FDR Library via NARA Catalog, President's Secretary's File, Subject Files, Office of War Information, 1942-1944, NAID 16620603.","FDR Library via NARA Catalog, President's Secretary's File, Subject Files, Office of War Information, 1942-1944, NAID 16620603. Source copy, exact folder, item/page image, classification, and routing still to be verified before final FRUS source note.",Pending source-copy citation,box and folder confirmation; exact item image or page range; document author and recipient where present; routing or filing marks; final duplicate ruling; selection rationale; evidence cross-reference,Needed,Unchecked,Not yet ruled,"",Policy: not assigned; Implementation: not assigned; Reaction: not assigned; Public line: not assigned,"Use FDR Library or NARA Catalog pull: confirm collection, series, box/folder, document title, and page image before final citation.",PULL-008,DKT-001; DKT-005; DKT-008; DKT-007,Confirm file-unit citation against source copy and add box/folder/item/page details.,2026-06-01,"",""
CITE-002,DOC50-048,CHR-002,SEL-048,"",1942,Radio Reaction Reports,NARA,RG 229,NAID 782735,https://catalog.archives.gov/id/782735,https://history.state.gov/search?q=%22Radio%20Reaction%20Reports%22%20%22Inter-American%22,"NARA RG 229, Office of the Coordinator of Inter-American Affairs, Department of Information, Radio Division, Radio Reaction Reports, NAID 782735.","NARA RG 229, Office of the Coordinator of Inter-American Affairs, Department of Information, Radio Division, Radio Reaction Reports, NAID 782735. Source copy, exact folder, item/page image, classification, and routing still to be verified before final FRUS source note.",Pending source-copy citation,series and file-unit confirmation; box and folder; exact item image or page range; author and recipient where present; classification/routing stamps; final duplicate ruling; selection rationale; evidence cross-reference,Needed,Unchecked,Not yet ruled,"",Policy: not assigned; Implementation: not assigned; Reaction: not assigned; Public line: not assigned,"Use NARA Catalog or textual reference pull: confirm series, box, folder, and item/page image before final citation.",PULL-007,DKT-001; DKT-005; DKT-008; DKT-003; DKT-006,Confirm file-unit citation against source copy and add box/folder/item/page details.,2026-06-01,"",""
CITE-003,DOC50-043,CHR-003,SEL-043,"",June 1942,"Office of War Information - Survey of Intelligence, June 1942",FDR Library / NARA Catalog,President's Secretary's File,NAID 16620611,https://catalog.archives.gov/id/16620611,https://history.state.gov/search?q=%22Office%20of%20War%20Information%20-%20Survey%20of%20Intelligence%2C%20June%201942%22,"FDR Library via NARA Catalog, President's Secretary's File, Subject Files, Office of War Information - Survey of Intelligence, June 1942, NAID 16620611.","FDR Library via NARA Catalog, President's Secretary's File, Subject Files, Office of War Information - Survey of Intelligence, June 1942, NAID 16620611. Source copy, exact folder, item/page image, classification, and routing still to be verified before final FRUS source note.",Pending source-copy citation,box and folder confirmation; exact item image or page range; document author and recipient where present; routing or filing marks; final duplicate ruling; selection rationale; evidence cross-reference,Needed,Unchecked,Not yet ruled,"",Policy: not assigned; Implementation: not assigned; Reaction: not assigned; Public line: not assigned,"Use FDR Library or NARA Catalog pull: confirm collection, series, box/folder, document title, and page image before final citation.",PULL-008,DKT-001; DKT-005; DKT-008; DKT-007,Confirm file-unit citation against source copy and add box/folder/item/page details.,2026-06-01,"",""
CITE-004,DOC50-044,CHR-004,SEL-044,"",August 1942,"Office of War Information - Survey of Intelligence, August 1942",FDR Library / NARA Catalog,President's Secretary's File,NAID 16620616,https://catalog.archives.gov/id/16620616,https://history.state.gov/search?q=%22Office%20of%20War%20Information%20-%20Survey%20of%20Intelligence%2C%20August%201942%22,"FDR Library via NARA Catalog, President's Secretary's File, Subject Files, Office of War Information - Survey of Intelligence, August 1942, NAID 16620616.","FDR Library via NARA Catalog, President's Secretary's File, Subject Files, Office of War Information - Survey of Intelligence, August 1942, NAID 16620616. Source copy, exact folder, item/page image, classification, and routing still to be verified before final FRUS source note.",Pending source-copy citation,box and folder confirmation; exact item image or page range; document author and recipient where present; routing or filing marks; final duplicate ruling; selection rationale; evidence cross-reference,Needed,Unchecked,Not yet ruled,"",Policy: not assigned; Implementation: not assigned; Reaction: not assigned; Public line: not assigned,"Use FDR Library or NARA Catalog pull: confirm collection, series, box/folder, document title, and page image before final citation.",PULL-008,DKT-001; DKT-005; DKT-008; DKT-007,Confirm file-unit citation against source copy and add box/folder/item/page details.,2026-06-01,"",""
CITE-005,DOC50-046,CHR-005,SEL-046,"","November 19, 1942","Memorandum to Philleo Nash from Leo C. Rosten, with attachment",FDR Library / NARA Catalog,Philleo Nash Papers,NAID 509549657,https://catalog.archives.gov/id/509549657,https://history.state.gov/search?q=%22Memorandum%20to%20Philleo%20Nash%20from%20Leo%20C.%20Rosten%22,"FDR Library via NARA Catalog, Philleo Nash Papers, Office of War Information Files, Rumors memoranda for editors and publishers, NAID 509549657.","FDR Library via NARA Catalog, Philleo Nash Papers, Office of War Information Files, Rumors memoranda for editors and publishers, NAID 509549657. Source copy, exact folder, item/page image, classification, and routing still to be verified before final FRUS source note.",Pending source-copy citation,box and folder confirmation; exact item image or page range; document author and recipient where present; routing or filing marks; final duplicate ruling; selection rationale; evidence cross-reference,Needed,Unchecked,Not yet ruled,"",Policy: not assigned; Implementation: not assigned; Reaction: not assigned; Public line: not assigned,"Use FDR Library or NARA Catalog pull: confirm collection, series, box/folder, document title, and page image before final citation.",PULL-009,DKT-001; DKT-005; DKT-008,Confirm file-unit citation against source copy and add box/folder/item/page details.,2026-06-01,"",""
CITE-006,DOC50-042,CHR-006,SEL-042,"",1942-1945,Office of War Information confidential file,FDR Library / NARA Catalog,President's Secretary's File,NAID 16609748,https://catalog.archives.gov/id/16609748,https://history.state.gov/search?q=%22Office%20of%20War%20Information%20confidential%20file%22,"FDR Library via NARA Catalog, President's Secretary's File, Confidential Files, Office of War Information, NAID 16609748.","FDR Library via NARA Catalog, President's Secretary's File, Confidential Files, Office of War Information, NAID 16609748. Source copy, exact folder, item/page image, classification, and routing still to be verified before final FRUS source note.",Pending source-copy citation,box and folder confirmation; exact item image or page range; document author and recipient where present; routing or filing marks; final duplicate ruling; selection rationale; evidence cross-reference,Needed,Unchecked,Not yet ruled,"",Policy: not assigned; Implementation: not assigned; Reaction: not assigned; Public line: not assigned,"Use FDR Library or NARA Catalog pull: confirm collection, series, box/folder, document title, and page image before final citation.",PULL-008,DKT-001; DKT-005; DKT-008; DKT-007,Confirm file-unit citation against source copy and add box/folder/item/page details.,2026-06-01,"",""
CITE-007,DOC50-045,CHR-007,SEL-045,"",December 1942,"Office of War Information - Survey of Intelligence, December 1942",FDR Library / NARA Catalog,President's Secretary's File,NAID 16620625,https://catalog.archives.gov/id/16620625,https://history.state.gov/search?q=%22Office%20of%20War%20Information%20-%20Survey%20of%20Intelligence%2C%20December%201942%22,"FDR Library via NARA Catalog, President's Secretary's File, Subject Files, Office of War Information - Survey of Intelligence, December 1942, NAID 16620625.","FDR Library via NARA Catalog, President's Secretary's File, Subject Files, Office of War Information - Survey of Intelligence, December 1942, NAID 16620625. Source copy, exact folder, item/page image, classification, and routing still to be verified before final FRUS source note.",Pending source-copy citation,box and folder confirmation; exact item image or page range; document author and recipient where present; routing or filing marks; final duplicate ruling; selection rationale; evidence cross-reference,Needed,Unchecked,Not yet ruled,"",Policy: not assigned; Implementation: not assigned; Reaction: not assigned; Public line: not assigned,"Use FDR Library or NARA Catalog pull: confirm collection, series, box/folder, document title, and page image before final citation.",PULL-008,DKT-001; DKT-005; DKT-008; DKT-007,Confirm file-unit citation against source copy and add box/folder/item/page details.,2026-06-01,"",""
CITE-008,DOC50-047,CHR-008,SEL-047,"",October 1942-April 1943,"Letter to Warren B. Walsh from Leo C. Rosten, with attachments",FDR Library / NARA Catalog,Philleo Nash Papers,NAID 509549751,https://catalog.archives.gov/id/509549751,https://history.state.gov/search?q=%22Letter%20to%20Warren%20B.%20Walsh%20from%20Leo%20C.%20Rosten%22,"FDR Library via NARA Catalog, Philleo Nash Papers, Office of War Information Files, Rumors-Syracuse University Rumor Clinic, NAID 509549751.","FDR Library via NARA Catalog, Philleo Nash Papers, Office of War Information Files, Rumors-Syracuse University Rumor Clinic, NAID 509549751. Source copy, exact folder, item/page image, classification, and routing still to be verified before final FRUS source note.",Pending source-copy citation,box and folder confirmation; exact item image or page range; document author and recipient where present; routing or filing marks; final duplicate ruling; selection rationale; evidence cross-reference,Needed,Unchecked,Boundary review required,"",Policy: not assigned; Implementation: not assigned; Reaction: not assigned; Public line: not assigned,"Use FDR Library or NARA Catalog pull: confirm collection, series, box/folder, document title, and page image before final citation.",PULL-009,DKT-001; DKT-005; DKT-008,Confirm file-unit citation against source copy and add box/folder/item/page details.,2026-06-01,"",""
CITE-009,DOC50-019,CHR-009,SEL-019,"",May 1943,Weekly Propaganda Directive: Poland,NARA,RG 208,NAID 6851138,https://catalog.archives.gov/id/6851138,https://history.state.gov/search?q=%22Weekly%20Propaganda%20Directive%3A%20Poland%22,"NARA RG 208, Records of the Office of War Information, Record Set of Policy Directives, Regional Directives-May 1943, NAID 6851138.","NARA RG 208, Records of the Office of War Information, Record Set of Policy Directives, Regional Directives-May 1943, NAID 6851138. Source copy, exact folder, item/page image, classification, and routing still to be verified before final FRUS source note.",Pending source-copy citation,series and file-unit confirmation; box and folder; exact item image or page range; author and recipient where present; classification/routing stamps; final duplicate ruling; selection rationale; evidence cross-reference,Needed,Unchecked,Not yet ruled,"",Policy: not assigned; Implementation: not assigned; Reaction: not assigned; Public line: not assigned,"Use NARA Catalog or textual reference pull: confirm series, box, folder, and item/page image before final citation.",PULL-003,DKT-001; DKT-005; DKT-008; DKT-004,Confirm file-unit citation against source copy and add box/folder/item/page details.,2026-06-01,"",""
CITE-010,DOC50-031,CHR-010,SEL-031,"",September 1943-June 1944,OWI-OSS Relations,NARA,RG 208,NAID 4732416,https://catalog.archives.gov/id/4732416,https://history.state.gov/search?q=%22OWI-OSS%20Relations%22,"NARA RG 208, Record Set of Policy Directives, OWI-OSS Relations-September 1943-June 1944, NAID 4732416.","NARA RG 208, Record Set of Policy Directives, OWI-OSS Relations-September 1943-June 1944, NAID 4732416. Source copy, exact folder, item/page image, classification, and routing still to be verified before final FRUS source note.",Pending source-copy citation,series and file-unit confirmation; box and folder; exact item image or page range; author and recipient where present; classification/routing stamps; final duplicate ruling; selection rationale; evidence cross-reference,Needed,Unchecked,Not yet ruled,"",Policy: not assigned; Implementation: not assigned; Reaction: not assigned; Public line: not assigned,"Use NARA Catalog or textual reference pull: confirm series, box, folder, and item/page image before final citation.",PULL-004,DKT-001; DKT-005; DKT-008; DKT-004,Confirm file-unit citation against source copy and add box/folder/item/page details.,2026-06-01,"",""
CITE-011,DOC50-030,CHR-011,SEL-030,"",October 1943-September 1945,Special Guidances-Moscow Cables on Directives,NARA,RG 208,NAID 4732413,https://catalog.archives.gov/id/4732413,https://history.state.gov/search?q=%22Special%20Guidances-Moscow%20Cables%20on%20Directives%22,"NARA RG 208, Record Set of Policy Directives, Special Guidances-Moscow Cables on Directives-October 1943-September 1945, NAID 4732413.","NARA RG 208, Record Set of Policy Directives, Special Guidances-Moscow Cables on Directives-October 1943-September 1945, NAID 4732413. Source copy, exact folder, item/page image, classification, and routing still to be verified before final FRUS source note.",Pending source-copy citation,series and file-unit confirmation; box and folder; exact item image or page range; author and recipient where present; classification/routing stamps; final duplicate ruling; selection rationale; evidence cross-reference,Needed,Unchecked,Not yet ruled,"",Policy: not assigned; Implementation: not assigned; Reaction: not assigned; Public line: not assigned,"Use NARA Catalog or textual reference pull: confirm series, box, folder, and item/page image before final citation.",PULL-004,DKT-001; DKT-005; DKT-008; DKT-004,Confirm file-unit citation against source copy and add box/folder/item/page details.,2026-06-01,"",""
CITE-012,DOC50-050,CHR-012,SEL-050,"",1941-1943,Radio Division Reports and Issuances,NARA,RG 229,NAID 2102898,https://catalog.archives.gov/id/2102898,https://history.state.gov/search?q=%22Radio%20Division%20Reports%20and%20Issuances%22,"NARA RG 229, Office of the Coordinator of Inter-American Affairs, Department of Information, Radio Division, Reports and Issuances, NAID 2102898.","NARA RG 229, Office of the Coordinator of Inter-American Affairs, Department of Information, Radio Division, Reports and Issuances, NAID 2102898. Source copy, exact folder, item/page image, classification, and routing still to be verified before final FRUS source note.",Pending source-copy citation,series and file-unit confirmation; box and folder; exact item image or page range; author and recipient where present; classification/routing stamps; final duplicate ruling; selection rationale; evidence cross-reference,Needed,Unchecked,Not yet ruled,"",Policy: not assigned; Implementation: not assigned; Reaction: not assigned; Public line: not assigned,"Use NARA Catalog or textual reference pull: confirm series, box, folder, and item/page image before final citation.",PULL-007,DKT-001; DKT-005; DKT-008; DKT-003; DKT-006,Confirm file-unit citation against source copy and add box/folder/item/page details.,2026-06-01,"",""
CITE-013,DOC50-032,CHR-013,SEL-032,"",January-December 1944,Political Warfare Executive Central Directives,NARA,RG 208,NAID 4732424,https://catalog.archives.gov/id/4732424,https://history.state.gov/search?q=%22Political%20Warfare%20Executive%20Central%20Directives%22%20%221944%22,"NARA RG 208, Record Set of Policy Directives, Political Warfare Executive Central Directives-January-December 1944, NAID 4732424.","NARA RG 208, Record Set of Policy Directives, Political Warfare Executive Central Directives-January-December 1944, NAID 4732424. Source copy, exact folder, item/page image, classification, and routing still to be verified before final FRUS source note.",Pending source-copy citation,series and file-unit confirmation; box and folder; exact item image or page range; author and recipient where present; classification/routing stamps; final duplicate ruling; selection rationale; evidence cross-reference,Needed,Unchecked,Not yet ruled,"",Policy: not assigned; Implementation: not assigned; Reaction: not assigned; Public line: not assigned,"Use NARA Catalog or textual reference pull: confirm series, box, folder, and item/page image before final citation.",PULL-004,DKT-001; DKT-005; DKT-008; DKT-004,Confirm file-unit citation against source copy and add box/folder/item/page details.,2026-06-01,"",""
CITE-014,DOC50-038,CHR-014,SEL-038,"",1944-1945,Weekly Propaganda Directive Office of War Information Sweden,NARA,RG 165,NAID 2149198,https://catalog.archives.gov/id/2149198,https://history.state.gov/search?q=%22Weekly%20Propaganda%20Directive%20Office%20of%20War%20Information%20Sweden%22,"NARA RG 165, Weekly Propaganda Directive Office of War Information Sweden, NAID 2149198.","NARA RG 165, Weekly Propaganda Directive Office of War Information Sweden, NAID 2149198. Source copy, exact folder, item/page image, classification, and routing still to be verified before final FRUS source note.",Pending source-copy citation,series and file-unit confirmation; box and folder; exact item image or page range; author and recipient where present; classification/routing stamps; final duplicate ruling; selection rationale; evidence cross-reference,Needed,Unchecked,Boundary review required,"",Policy: not assigned; Implementation: not assigned; Reaction: not assigned; Public line: not assigned,"Use NARA Catalog or textual reference pull: confirm series, box, folder, and item/page image before final citation.",PULL-010,DKT-001; DKT-005; DKT-008; DKT-004,Confirm file-unit citation against source copy and add box/folder/item/page details.,2026-06-01,"",""
CITE-015,DOC50-039,CHR-015,SEL-039,"",1944-1945,Weekly Propaganda Directive Office of War Information Iberia,NARA,RG 165,NAID 2149195,https://catalog.archives.gov/id/2149195,https://history.state.gov/search?q=%22Weekly%20Propaganda%20Directive%20Office%20of%20War%20Information%20Iberia%22,"NARA RG 165, Weekly Propaganda Directive Office of War Information Iberia, NAID 2149195.","NARA RG 165, Weekly Propaganda Directive Office of War Information Iberia, NAID 2149195. Source copy, exact folder, item/page image, classification, and routing still to be verified before final FRUS source note.",Pending source-copy citation,series and file-unit confirmation; box and folder; exact item image or page range; author and recipient where present; classification/routing stamps; final duplicate ruling; selection rationale; evidence cross-reference,Needed,Unchecked,Boundary review required,"",Policy: not assigned; Implementation: not assigned; Reaction: not assigned; Public line: not assigned,"Use NARA Catalog or textual reference pull: confirm series, box, folder, and item/page image before final citation.",PULL-010,DKT-001; DKT-005; DKT-008; DKT-004,Confirm file-unit citation against source copy and add box/folder/item/page details.,2026-06-01,"",""
CITE-016,DOC50-040,CHR-016,SEL-040,"",1944-1945,"Weekly Propaganda Directive Office of War Information Norway, Netherlands, Middle East",NARA,RG 165,NAID 2149196,https://catalog.archives.gov/id/2149196,https://history.state.gov/search?q=%22Weekly%20Propaganda%20Directive%20Office%20of%20War%20Information%20Norway%20Netherlands%20Middle%20East%22,"NARA RG 165, Weekly Propaganda Directive Office of War Information Norway, Netherlands, Middle East #39, NAID 2149196.","NARA RG 165, Weekly Propaganda Directive Office of War Information Norway, Netherlands, Middle East #39, NAID 2149196. Source copy, exact folder, item/page image, classification, and routing still to be verified before final FRUS source note.",Pending source-copy citation,series and file-unit confirmation; box and folder; exact item image or page range; author and recipient where present; classification/routing stamps; final duplicate ruling; selection rationale; evidence cross-reference,Needed,Unchecked,Boundary review required,"",Policy: not assigned; Implementation: not assigned; Reaction: not assigned; Public line: not assigned,"Use NARA Catalog or textual reference pull: confirm series, box, folder, and item/page image before final citation.",PULL-010,DKT-001; DKT-005; DKT-008; DKT-004,Confirm file-unit citation against source copy and add box/folder/item/page details.,2026-06-01,"",""
CITE-017,DOC50-033,CHR-017,SEL-033,"",May-June 1944,Central Directives-May-June 1944,NARA,RG 208,NAID 4732319,https://catalog.archives.gov/id/4732319,https://history.state.gov/search?q=%22Central%20Directives-May-June%201944%22%20OWI,"NARA RG 208, Record Set of Policy Directives, Central Directives-May-June 1944, NAID 4732319.","NARA RG 208, Record Set of Policy Directives, Central Directives-May-June 1944, NAID 4732319. Source copy, exact folder, item/page image, classification, and routing still to be verified before final FRUS source note.",Pending source-copy citation,series and file-unit confirmation; box and folder; exact item image or page range; author and recipient where present; classification/routing stamps; final duplicate ruling; selection rationale; evidence cross-reference,Needed,Unchecked,Not yet ruled,"",Policy: not assigned; Implementation: not assigned; Reaction: not assigned; Public line: not assigned,"Use NARA Catalog or textual reference pull: confirm series, box, folder, and item/page image before final citation.",PULL-004,DKT-001; DKT-005; DKT-008; DKT-004,Confirm file-unit citation against source copy and add box/folder/item/page details.,2026-06-01,"",""
CITE-018,DOC50-036,CHR-018,SEL-036,"","June 30, 1944",Weekly Propaganda Directive Office of War Information Germany,NARA,RG 165,NAID 2149194,https://catalog.archives.gov/id/2149194,https://history.state.gov/search?q=%22Weekly%20Propaganda%20Directive%20Office%20of%20War%20Information%20Germany%22,"NARA RG 165, Weekly Propaganda Directive Office of War Information Germany June 30, 1944, NAID 2149194.","NARA RG 165, Weekly Propaganda Directive Office of War Information Germany June 30, 1944, NAID 2149194. Source copy, exact folder, item/page image, classification, and routing still to be verified before final FRUS source note.",Pending source-copy citation,series and file-unit confirmation; box and folder; exact item image or page range; author and recipient where present; classification/routing stamps; final duplicate ruling; selection rationale; evidence cross-reference,Needed,Unchecked,Boundary review required,"",Policy: not assigned; Implementation: not assigned; Reaction: not assigned; Public line: not assigned,"Use NARA Catalog or textual reference pull: confirm series, box, folder, and item/page image before final citation.",PULL-010,DKT-001; DKT-005; DKT-008; DKT-004,Confirm file-unit citation against source copy and add box/folder/item/page details.,2026-06-01,"",""
CITE-019,DOC50-029,CHR-019,SEL-029,"",July 1944-February 1945,Special Guidances-London Policy Directives,NARA,RG 208,NAID 4732414,https://catalog.archives.gov/id/4732414,https://history.state.gov/search?q=%22Special%20Guidances-London%20Policy%20Directives%22,"NARA RG 208, Record Set of Policy Directives, Special Guidances-London Policy Directives-July 1944-February 1945, NAID 4732414.","NARA RG 208, Record Set of Policy Directives, Special Guidances-London Policy Directives-July 1944-February 1945, NAID 4732414. Source copy, exact folder, item/page image, classification, and routing still to be verified before final FRUS source note.",Pending source-copy citation,series and file-unit confirmation; box and folder; exact item image or page range; author and recipient where present; classification/routing stamps; final duplicate ruling; selection rationale; evidence cross-reference,Needed,Unchecked,Not yet ruled,"",Policy: not assigned; Implementation: not assigned; Reaction: not assigned; Public line: not assigned,"Use NARA Catalog or textual reference pull: confirm series, box, folder, and item/page image before final citation.",PULL-004,DKT-001; DKT-005; DKT-008; DKT-004,Confirm file-unit citation against source copy and add box/folder/item/page details.,2026-06-01,"",""
CITE-020,DOC50-010,CHR-020,SEL-010,"","July 8, 1944",The Iceland Outpost: Analysis of an Informational Operation,NARA,RG 59,"103.9166/7-844; M973 roll 607, image 0500",https://catalog.archives.gov/id/88176221,https://history.state.gov/search?q=%22The%20Iceland%20Outpost%22,"NARA RG 59, Purport Lists and Cards, NAID 88176221, M973-607-0500.","NARA RG 59, Purport Lists and Cards, NAID 88176221, M973-607-0500. Source copy, exact folder, item/page image, classification, and routing still to be verified before final FRUS source note.",Pending source-copy citation,underlying Central Decimal File source copy; author/post and recipient; classification/routing stamps; enclosure status; final item image or page range; final duplicate ruling; selection rationale; evidence cross-reference,Needed,Unchecked,Not yet ruled,"",Policy: not assigned; Implementation: not assigned; Reaction: not assigned; Public line: not assigned,"Use RG 59 Central Decimal Files pull: request the underlying file document by decimal file number, not only the purport-card image.",PULL-001,DKT-001; DKT-005; DKT-008; DKT-002; DKT-006,"Pull source copy from RG 59 Central Decimal Files, then replace purport-card note with final document citation.",2026-06-01,"",""
CITE-021,DOC50-011,CHR-021,SEL-011,"","July 9, 1944",Switzerland telegram carrying OWI message on prewar Bern-Rome communications,NARA,RG 59,"103.9166/7-944; M973 roll 607, image 0500",https://catalog.archives.gov/id/88176221,https://history.state.gov/search?q=%22Bern-Rome%20communications%22%20OWI,"NARA RG 59, Purport Lists and Cards, NAID 88176221, M973-607-0500.","NARA RG 59, Purport Lists and Cards, NAID 88176221, M973-607-0500. Source copy, exact folder, item/page image, classification, and routing still to be verified before final FRUS source note.",Pending source-copy citation,underlying Central Decimal File source copy; author/post and recipient; classification/routing stamps; enclosure status; final item image or page range; final duplicate ruling; selection rationale; evidence cross-reference,Needed,Unchecked,Not yet ruled,"",Policy: not assigned; Implementation: not assigned; Reaction: not assigned; Public line: not assigned,"Use RG 59 Central Decimal Files pull: request the underlying file document by decimal file number, not only the purport-card image.",PULL-001,DKT-001; DKT-005; DKT-008; DKT-002; DKT-006,"Pull source copy from RG 59 Central Decimal Files, then replace purport-card note with final document citation.",2026-06-01,"",""
CITE-022,DOC50-009,CHR-022,SEL-009,"","July 10, 1944",Dakar telegram to Motion Picture Radio Division advising United Newsreel 108 arrived,NARA,RG 59,"103.9166/7-1044; M973 roll 607, image 0500",https://catalog.archives.gov/id/88176221,https://history.state.gov/search?q=%22United%20Newsreel%20108%22,"NARA RG 59, Purport Lists and Cards, NAID 88176221, M973-607-0500.","NARA RG 59, Purport Lists and Cards, NAID 88176221, M973-607-0500. Source copy, exact folder, item/page image, classification, and routing still to be verified before final FRUS source note.",Pending source-copy citation,underlying Central Decimal File source copy; author/post and recipient; classification/routing stamps; enclosure status; final item image or page range; final duplicate ruling; selection rationale; evidence cross-reference,Needed,Unchecked,Not yet ruled,"",Policy: not assigned; Implementation: not assigned; Reaction: not assigned; Public line: not assigned,"Use RG 59 Central Decimal Files pull: request the underlying file document by decimal file number, not only the purport-card image.",PULL-001,DKT-001; DKT-005; DKT-008; DKT-002; DKT-006,"Pull source copy from RG 59 Central Decimal Files, then replace purport-card note with final document citation.",2026-06-01,"",""
CITE-023,DOC50-012,CHR-023,SEL-012,"","August 8, 1944",Manchester dispatch enclosing notices on the OWI Information Center Unit,NARA,RG 59,"103.9166/8-844; M973 roll 607, image 0550",https://catalog.archives.gov/id/88176221,https://history.state.gov/search?q=%22Information%20Center%20Unit%22%20Manchester%20OWI,"NARA RG 59, Purport Lists and Cards, NAID 88176221, M973-607-0550.","NARA RG 59, Purport Lists and Cards, NAID 88176221, M973-607-0550. Source copy, exact folder, item/page image, classification, and routing still to be verified before final FRUS source note.",Pending source-copy citation,underlying Central Decimal File source copy; author/post and recipient; classification/routing stamps; enclosure status; final item image or page range; final duplicate ruling; selection rationale; evidence cross-reference,Needed,Unchecked,Not yet ruled,"",Policy: not assigned; Implementation: not assigned; Reaction: not assigned; Public line: not assigned,"Use RG 59 Central Decimal Files pull: request the underlying file document by decimal file number, not only the purport-card image.",PULL-001,DKT-001; DKT-005; DKT-008; DKT-002; DKT-006,"Pull source copy from RG 59 Central Decimal Files, then replace purport-card note with final document citation.",2026-06-01,"",""
CITE-024,DOC50-013,CHR-024,SEL-013,"","August 8, 1944","Manchester Press Attache report for the week ending August 5, 1944",NARA,RG 59,"103.9166/8-844; M973 roll 607, image 0550",https://catalog.archives.gov/id/88176221,https://history.state.gov/search?q=%22Manchester%20Press%20Attache%22%20%22August%205%2C%201944%22,"NARA RG 59, Purport Lists and Cards, NAID 88176221, M973-607-0550.","NARA RG 59, Purport Lists and Cards, NAID 88176221, M973-607-0550. Source copy, exact folder, item/page image, classification, and routing still to be verified before final FRUS source note.",Pending source-copy citation,underlying Central Decimal File source copy; author/post and recipient; classification/routing stamps; enclosure status; final item image or page range; final duplicate ruling; selection rationale; evidence cross-reference,Needed,Unchecked,Not yet ruled,"",Policy: not assigned; Implementation: not assigned; Reaction: not assigned; Public line: not assigned,"Use RG 59 Central Decimal Files pull: request the underlying file document by decimal file number, not only the purport-card image.",PULL-001,DKT-001; DKT-005; DKT-008; DKT-002; DKT-006,"Pull source copy from RG 59 Central Decimal Files, then replace purport-card note with final document citation.",2026-06-01,"",""
CITE-025,DOC50-034,CHR-025,SEL-034,"",September 1944,Regional Directives-September 1944,NARA,RG 208,NAID 4732351,https://catalog.archives.gov/id/4732351,https://history.state.gov/search?q=%22Regional%20Directives-September%201944%22%20OWI,"NARA RG 208, Record Set of Policy Directives, Regional Directives-September 1944, NAID 4732351.","NARA RG 208, Record Set of Policy Directives, Regional Directives-September 1944, NAID 4732351. Source copy, exact folder, item/page image, classification, and routing still to be verified before final FRUS source note.",Pending source-copy citation,series and file-unit confirmation; box and folder; exact item image or page range; author and recipient where present; classification/routing stamps; final duplicate ruling; selection rationale; evidence cross-reference,Needed,Unchecked,Not yet ruled,"",Policy: not assigned; Implementation: not assigned; Reaction: not assigned; Public line: not assigned,"Use NARA Catalog or textual reference pull: confirm series, box, folder, and item/page image before final citation.",PULL-004,DKT-001; DKT-005; DKT-008; DKT-004,Confirm file-unit citation against source copy and add box/folder/item/page details.,2026-06-01,"",""
CITE-026,DOC50-014,CHR-026,SEL-014,"","September 2, 1944",Naples telegram on the present state of OWI thinking with regard to Balkan affairs,NARA,RG 59,"103.9166/9-244; M973 roll 607, image 0600",https://catalog.archives.gov/id/88176221,https://history.state.gov/search?q=%22OWI%27s%20thinking%22%20%22Balkan%20affairs%22,"NARA RG 59, Purport Lists and Cards, NAID 88176221, M973-607-0600.","NARA RG 59, Purport Lists and Cards, NAID 88176221, M973-607-0600. Source copy, exact folder, item/page image, classification, and routing still to be verified before final FRUS source note.",Pending source-copy citation,underlying Central Decimal File source copy; author/post and recipient; classification/routing stamps; enclosure status; final item image or page range; final duplicate ruling; selection rationale; evidence cross-reference,Needed,Unchecked,Not yet ruled,"",Policy: not assigned; Implementation: not assigned; Reaction: not assigned; Public line: not assigned,"Use RG 59 Central Decimal Files pull: request the underlying file document by decimal file number, not only the purport-card image.",PULL-001,DKT-001; DKT-005; DKT-008; DKT-002; DKT-006,"Pull source copy from RG 59 Central Decimal Files, then replace purport-card note with final document citation.",2026-06-01,"",""
CITE-027,DOC50-015,CHR-027,SEL-015,"","September 2, 1944",Switzerland telegram submitting suggestions for Allied propaganda for Italy,NARA,RG 59,"103.9166/9-244; M973 roll 607, image 0600",https://catalog.archives.gov/id/88176221,https://history.state.gov/search?q=%22suggestions%20for%20allied%20propaganda%20for%20Italy%22,"NARA RG 59, Purport Lists and Cards, NAID 88176221, M973-607-0600.","NARA RG 59, Purport Lists and Cards, NAID 88176221, M973-607-0600. Source copy, exact folder, item/page image, classification, and routing still to be verified before final FRUS source note.",Pending source-copy citation,underlying Central Decimal File source copy; author/post and recipient; classification/routing stamps; enclosure status; final item image or page range; final duplicate ruling; selection rationale; evidence cross-reference,Needed,Unchecked,Not yet ruled,"",Policy: not assigned; Implementation: not assigned; Reaction: not assigned; Public line: not assigned,"Use RG 59 Central Decimal Files pull: request the underlying file document by decimal file number, not only the purport-card image.",PULL-001,DKT-001; DKT-005; DKT-008; DKT-002; DKT-006,"Pull source copy from RG 59 Central Decimal Files, then replace purport-card note with final document citation.",2026-06-01,"",""
CITE-028,DOC50-016,CHR-028,SEL-016,"","September 2, 1944",Suva telegram summarizing a Central Directive from OWI,NARA,RG 59,"103.9166/9-244; M973 roll 607, image 0600",https://catalog.archives.gov/id/88176221,https://history.state.gov/search?q=%22Summary%20of%20Central%20Directive%20from%20OWI%22,"NARA RG 59, Purport Lists and Cards, NAID 88176221, M973-607-0600.","NARA RG 59, Purport Lists and Cards, NAID 88176221, M973-607-0600. Source copy, exact folder, item/page image, classification, and routing still to be verified before final FRUS source note.",Pending source-copy citation,underlying Central Decimal File source copy; author/post and recipient; classification/routing stamps; enclosure status; final item image or page range; final duplicate ruling; selection rationale; evidence cross-reference,Needed,Unchecked,Not yet ruled,"",Policy: not assigned; Implementation: not assigned; Reaction: not assigned; Public line: not assigned,"Use RG 59 Central Decimal Files pull: request the underlying file document by decimal file number, not only the purport-card image.",PULL-001,DKT-001; DKT-005; DKT-008; DKT-002; DKT-006,"Pull source copy from RG 59 Central Decimal Files, then replace purport-card note with final document citation.",2026-06-01,"",""
CITE-029,DOC50-001,CHR-029,SEL-001,"","September 9-11, 1944",CIAA circular announcing morning and noon Spanish-language shortwave service,NARA,RG 59,"103.9161/9-944; M973 roll 607, image 0095",https://catalog.archives.gov/id/88176221,https://history.state.gov/search?q=%22103.9161%2F9-944%22,"NARA RG 59, Purport Lists and Cards, 7/1944-12/1944: 103.91602/4-1544 - 103.9166/12-3144, NAID 88176221, M973-607-0095.","NARA RG 59, Purport Lists and Cards, 7/1944-12/1944: 103.91602/4-1544 - 103.9166/12-3144, NAID 88176221, M973-607-0095. Source copy, exact folder, item/page image, classification, and routing still to be verified before final FRUS source note.",Pending source-copy citation,underlying Central Decimal File source copy; author/post and recipient; classification/routing stamps; enclosure status; final item image or page range; final duplicate ruling; selection rationale; evidence cross-reference,Needed,Unchecked,Not yet ruled,"",Policy: not assigned; Implementation: not assigned; Reaction: not assigned; Public line: not assigned,"Use RG 59 Central Decimal Files pull: request the underlying file document by decimal file number, not only the purport-card image.",PULL-002; PULL-007,DKT-001; DKT-005; DKT-008; DKT-003; DKT-006,"Pull source copy from RG 59 Central Decimal Files, then replace purport-card note with final document citation.",2026-06-01,"",""
CITE-030,DOC50-002,CHR-030,SEL-002,"","September 21, 1944",Dominican Republic report that WNBI broadcasts were excellent but reception varied by date,NARA,RG 59,"103.9161/9-2144; M973 roll 607, image 0100",https://catalog.archives.gov/id/88176221,https://history.state.gov/search?q=%22103.9161%2F9-2144%22,"NARA RG 59, Purport Lists and Cards, NAID 88176221, M973-607-0100.","NARA RG 59, Purport Lists and Cards, NAID 88176221, M973-607-0100. Source copy, exact folder, item/page image, classification, and routing still to be verified before final FRUS source note.",Pending source-copy citation,underlying Central Decimal File source copy; author/post and recipient; classification/routing stamps; enclosure status; final item image or page range; final duplicate ruling; selection rationale; evidence cross-reference,Needed,Unchecked,Not yet ruled,"",Policy: not assigned; Implementation: not assigned; Reaction: not assigned; Public line: not assigned,"Use RG 59 Central Decimal Files pull: request the underlying file document by decimal file number, not only the purport-card image.",PULL-002; PULL-007,DKT-001; DKT-005; DKT-008; DKT-003; DKT-006,"Pull source copy from RG 59 Central Decimal Files, then replace purport-card note with final document citation.",2026-06-01,"",""
CITE-031,DOC50-008,CHR-031,SEL-008,"","September 21, 1944",Costa Rica telegram enclosing Nelson Rockefeller message for Teodoro Picado,NARA,RG 59,"103.9161/9-2144; M973 roll 607, image 0100",https://catalog.archives.gov/id/88176221,https://history.state.gov/search?q=%22Teodoro%20Picado%22%20%22Rockefeller%22%20%221944%22,"NARA RG 59, Purport Lists and Cards, NAID 88176221, M973-607-0100.","NARA RG 59, Purport Lists and Cards, NAID 88176221, M973-607-0100. Source copy, exact folder, item/page image, classification, and routing still to be verified before final FRUS source note.",Pending source-copy citation,underlying Central Decimal File source copy; author/post and recipient; classification/routing stamps; enclosure status; final item image or page range; final duplicate ruling; selection rationale; evidence cross-reference,Needed,Unchecked,Not yet ruled,"",Policy: not assigned; Implementation: not assigned; Reaction: not assigned; Public line: not assigned,"Use RG 59 Central Decimal Files pull: request the underlying file document by decimal file number, not only the purport-card image.",PULL-002; PULL-007,DKT-001; DKT-005; DKT-008; DKT-003; DKT-006,"Pull source copy from RG 59 Central Decimal Files, then replace purport-card note with final document citation.",2026-06-01,"",""
CITE-032,DOC50-003,CHR-032,SEL-003,"","September 22, 1944",Circular to diplomatic officers requesting replies to a motion-picture questionnaire,NARA,RG 59,"103.9161/9-2244; M973 roll 607, image 0100",https://catalog.archives.gov/id/88176221,https://history.state.gov/search?q=%22103.9161%2F9-2244%22,"NARA RG 59, Purport Lists and Cards, NAID 88176221, M973-607-0100.","NARA RG 59, Purport Lists and Cards, NAID 88176221, M973-607-0100. Source copy, exact folder, item/page image, classification, and routing still to be verified before final FRUS source note.",Pending source-copy citation,underlying Central Decimal File source copy; author/post and recipient; classification/routing stamps; enclosure status; final item image or page range; final duplicate ruling; selection rationale; evidence cross-reference,Needed,Unchecked,Not yet ruled,"",Policy: not assigned; Implementation: not assigned; Reaction: not assigned; Public line: not assigned,"Use RG 59 Central Decimal Files pull: request the underlying file document by decimal file number, not only the purport-card image.",PULL-002; PULL-007,DKT-001; DKT-005; DKT-008; DKT-003; DKT-006,"Pull source copy from RG 59 Central Decimal Files, then replace purport-card note with final document citation.",2026-06-01,"",""
CITE-033,DOC50-004,CHR-033,SEL-004,"","October 20, 1944",Colombia telegram listing latest CIAA program numbers and expiration dates,NARA,RG 59,"103.9161/10-2044; M973 roll 607, image 0110",https://catalog.archives.gov/id/88176221,https://history.state.gov/search?q=%22103.9161%2F10-2044%22,"NARA RG 59, Purport Lists and Cards, NAID 88176221, M973-607-0110.","NARA RG 59, Purport Lists and Cards, NAID 88176221, M973-607-0110. Source copy, exact folder, item/page image, classification, and routing still to be verified before final FRUS source note.",Pending source-copy citation,underlying Central Decimal File source copy; author/post and recipient; classification/routing stamps; enclosure status; final item image or page range; final duplicate ruling; selection rationale; evidence cross-reference,Needed,Unchecked,Not yet ruled,"",Policy: not assigned; Implementation: not assigned; Reaction: not assigned; Public line: not assigned,"Use RG 59 Central Decimal Files pull: request the underlying file document by decimal file number, not only the purport-card image.",PULL-002; PULL-007,DKT-001; DKT-005; DKT-008; DKT-003; DKT-006,"Pull source copy from RG 59 Central Decimal Files, then replace purport-card note with final document citation.",2026-06-01,"",""
CITE-034,DOC50-005,CHR-034,SEL-005,"","October 20, 1944",Chile telegram reporting that no CIAA transcriptions were then in use,NARA,RG 59,"103.9161/10-2044; M973 roll 607, image 0110",https://catalog.archives.gov/id/88176221,https://history.state.gov/search?q=%22103.9161%2F10-2044%22,"NARA RG 59, Purport Lists and Cards, NAID 88176221, M973-607-0110.","NARA RG 59, Purport Lists and Cards, NAID 88176221, M973-607-0110. Source copy, exact folder, item/page image, classification, and routing still to be verified before final FRUS source note.",Pending source-copy citation,underlying Central Decimal File source copy; author/post and recipient; classification/routing stamps; enclosure status; final item image or page range; final duplicate ruling; selection rationale; evidence cross-reference,Needed,Unchecked,Not yet ruled,"",Policy: not assigned; Implementation: not assigned; Reaction: not assigned; Public line: not assigned,"Use RG 59 Central Decimal Files pull: request the underlying file document by decimal file number, not only the purport-card image.",PULL-002; PULL-007,DKT-001; DKT-005; DKT-008; DKT-003; DKT-006,"Pull source copy from RG 59 Central Decimal Files, then replace purport-card note with final document citation.",2026-06-01,"",""
CITE-035,DOC50-026,CHR-035,SEL-026,"","October 28, 1944",Long-Range Directive for Czechoslovakia,NARA,RG 208,NAID 4732375,https://catalog.archives.gov/id/4732375,https://history.state.gov/search?q=%22Long-Range%20Directive%20for%20Czechoslovakia%22,"NARA RG 208, Record Set of Policy Directives, Long-Range Directive for Czechoslovakia-October 28, 1944, NAID 4732375.","NARA RG 208, Record Set of Policy Directives, Long-Range Directive for Czechoslovakia-October 28, 1944, NAID 4732375. Source copy, exact folder, item/page image, classification, and routing still to be verified before final FRUS source note.",Pending source-copy citation,series and file-unit confirmation; box and folder; exact item image or page range; author and recipient where present; classification/routing stamps; final duplicate ruling; selection rationale; evidence cross-reference,Needed,Unchecked,Not yet ruled,"",Policy: not assigned; Implementation: not assigned; Reaction: not assigned; Public line: not assigned,"Use NARA Catalog or textual reference pull: confirm series, box, folder, and item/page image before final citation.",PULL-003,DKT-001; DKT-005; DKT-008; DKT-004,Confirm file-unit citation against source copy and add box/folder/item/page details.,2026-06-01,"",""
CITE-036,DOC50-017,CHR-036,SEL-017,"","October 31, 1944",Las Palmas report on Legation activities for OWI and American programs broadcast in September,NARA,RG 59,"103.9166/10-3144; M973 roll 607, image 0700",https://catalog.archives.gov/id/88176221,https://history.state.gov/search?q=%22American%20programs%20broadcast%22%20%22Las%20Palmas%22,"NARA RG 59, Purport Lists and Cards, NAID 88176221, M973-607-0700.","NARA RG 59, Purport Lists and Cards, NAID 88176221, M973-607-0700. Source copy, exact folder, item/page image, classification, and routing still to be verified before final FRUS source note.",Pending source-copy citation,underlying Central Decimal File source copy; author/post and recipient; classification/routing stamps; enclosure status; final item image or page range; final duplicate ruling; selection rationale; evidence cross-reference,Needed,Unchecked,Not yet ruled,"",Policy: not assigned; Implementation: not assigned; Reaction: not assigned; Public line: not assigned,"Use RG 59 Central Decimal Files pull: request the underlying file document by decimal file number, not only the purport-card image.",PULL-001,DKT-001; DKT-005; DKT-008; DKT-002; DKT-006,"Pull source copy from RG 59 Central Decimal Files, then replace purport-card note with final document citation.",2026-06-01,"",""
CITE-037,DOC50-007,CHR-037,SEL-007,"","November 20, 1944",Brazil telegram on proposed Hemisphere information service through CIAA,NARA,RG 59,"103.9161/11-2044; M973 roll 607, image 0120",https://catalog.archives.gov/id/88176221,https://history.state.gov/search?q=%22Hemisphere%20information%20service%22%20CIAA,"NARA RG 59, Purport Lists and Cards, NAID 88176221, M973-607-0120.","NARA RG 59, Purport Lists and Cards, NAID 88176221, M973-607-0120. Source copy, exact folder, item/page image, classification, and routing still to be verified before final FRUS source note.",Pending source-copy citation,underlying Central Decimal File source copy; author/post and recipient; classification/routing stamps; enclosure status; final item image or page range; final duplicate ruling; selection rationale; evidence cross-reference,Needed,Unchecked,Not yet ruled,"",Policy: not assigned; Implementation: not assigned; Reaction: not assigned; Public line: not assigned,"Use RG 59 Central Decimal Files pull: request the underlying file document by decimal file number, not only the purport-card image.",PULL-002; PULL-007,DKT-001; DKT-005; DKT-008; DKT-003; DKT-006,"Pull source copy from RG 59 Central Decimal Files, then replace purport-card note with final document citation.",2026-06-01,"",""
CITE-038,DOC50-028,CHR-038,SEL-028,"","November 20, 1944",Netherlands Long Range Directive,NARA,RG 208,NAID 4732392,https://catalog.archives.gov/id/4732392,https://history.state.gov/search?q=%22Netherlands%20Long%20Range%20Directive%22,"NARA RG 208, Record Set of Policy Directives, Extra Copies of Netherlands Long Range Directive-November 20, 1944, NAID 4732392.","NARA RG 208, Record Set of Policy Directives, Extra Copies of Netherlands Long Range Directive-November 20, 1944, NAID 4732392. Source copy, exact folder, item/page image, classification, and routing still to be verified before final FRUS source note.",Pending source-copy citation,series and file-unit confirmation; box and folder; exact item image or page range; author and recipient where present; classification/routing stamps; final duplicate ruling; selection rationale; evidence cross-reference,Needed,Unchecked,Not yet ruled,"",Policy: not assigned; Implementation: not assigned; Reaction: not assigned; Public line: not assigned,"Use NARA Catalog or textual reference pull: confirm series, box, folder, and item/page image before final citation.",PULL-003,DKT-001; DKT-005; DKT-008; DKT-004,Confirm file-unit citation against source copy and add box/folder/item/page details.,2026-06-01,"",""
CITE-039,DOC50-006,CHR-039,SEL-006,"","November 21, 1944",Circular transmitting changes in the English shortwave schedule,NARA,RG 59,"103.9161/11-2144; M973 roll 607, image 0120",https://catalog.archives.gov/id/88176221,https://history.state.gov/search?q=%22English%20short%20wave%20schedule%22,"NARA RG 59, Purport Lists and Cards, NAID 88176221, M973-607-0120.","NARA RG 59, Purport Lists and Cards, NAID 88176221, M973-607-0120. Source copy, exact folder, item/page image, classification, and routing still to be verified before final FRUS source note.",Pending source-copy citation,underlying Central Decimal File source copy; author/post and recipient; classification/routing stamps; enclosure status; final item image or page range; final duplicate ruling; selection rationale; evidence cross-reference,Needed,Unchecked,Not yet ruled,"",Policy: not assigned; Implementation: not assigned; Reaction: not assigned; Public line: not assigned,"Use RG 59 Central Decimal Files pull: request the underlying file document by decimal file number, not only the purport-card image.",PULL-002; PULL-007,DKT-001; DKT-005; DKT-008; DKT-003; DKT-006,"Pull source copy from RG 59 Central Decimal Files, then replace purport-card note with final document citation.",2026-06-01,"",""
CITE-040,DOC50-022,CHR-040,SEL-022,"","December 5, 1944",Long Range Directive for Germany,NARA,RG 208,NAID 4732381,https://catalog.archives.gov/id/4732381,https://history.state.gov/search?q=%22Long%20Range%20Directive%20for%20Germany%22%20%221944%22,"NARA RG 208, Record Set of Policy Directives, Extra Copies of Long Range Directive for Germany-December 5, 1944, NAID 4732381.","NARA RG 208, Record Set of Policy Directives, Extra Copies of Long Range Directive for Germany-December 5, 1944, NAID 4732381. Source copy, exact folder, item/page image, classification, and routing still to be verified before final FRUS source note.",Pending source-copy citation,series and file-unit confirmation; box and folder; exact item image or page range; author and recipient where present; classification/routing stamps; final duplicate ruling; selection rationale; evidence cross-reference,Needed,Unchecked,Not yet ruled,"",Policy: not assigned; Implementation: not assigned; Reaction: not assigned; Public line: not assigned,"Use NARA Catalog or textual reference pull: confirm series, box, folder, and item/page image before final citation.",PULL-003,DKT-001; DKT-005; DKT-008; DKT-004,Confirm file-unit citation against source copy and add box/folder/item/page details.,2026-06-01,"",""
CITE-041,DOC50-018,CHR-041,SEL-018,"","December 6, 1944","New Zealand report on informational activities on behalf of OWI, September-October 1944",NARA,RG 59,"103.9166/12-644; M973 roll 607, image 0750",https://catalog.archives.gov/id/88176221,https://history.state.gov/search?q=%22informational%20activities%22%20%22Office%20of%20War%20Information%22%20%22New%20Zealand%22,"NARA RG 59, Purport Lists and Cards, NAID 88176221, M973-607-0750.","NARA RG 59, Purport Lists and Cards, NAID 88176221, M973-607-0750. Source copy, exact folder, item/page image, classification, and routing still to be verified before final FRUS source note.",Pending source-copy citation,underlying Central Decimal File source copy; author/post and recipient; classification/routing stamps; enclosure status; final item image or page range; final duplicate ruling; selection rationale; evidence cross-reference,Needed,Unchecked,Not yet ruled,"",Policy: not assigned; Implementation: not assigned; Reaction: not assigned; Public line: not assigned,"Use RG 59 Central Decimal Files pull: request the underlying file document by decimal file number, not only the purport-card image.",PULL-001,DKT-001; DKT-005; DKT-008; DKT-002; DKT-006,"Pull source copy from RG 59 Central Decimal Files, then replace purport-card note with final document citation.",2026-06-01,"",""
CITE-042,DOC50-027,CHR-042,SEL-027,"","December 6, 1944",Long-Range Guidance-Switzerland,NARA,RG 208,NAID 4732402,https://catalog.archives.gov/id/4732402,https://history.state.gov/search?q=%22Long-Range%20Guidance-Switzerland%22,"NARA RG 208, Record Set of Policy Directives, Long-Range Guidance-Switzerland-December 6, 1944, NAID 4732402.","NARA RG 208, Record Set of Policy Directives, Long-Range Guidance-Switzerland-December 6, 1944, NAID 4732402. Source copy, exact folder, item/page image, classification, and routing still to be verified before final FRUS source note.",Pending source-copy citation,series and file-unit confirmation; box and folder; exact item image or page range; author and recipient where present; classification/routing stamps; final duplicate ruling; selection rationale; evidence cross-reference,Needed,Unchecked,Not yet ruled,"",Policy: not assigned; Implementation: not assigned; Reaction: not assigned; Public line: not assigned,"Use NARA Catalog or textual reference pull: confirm series, box, folder, and item/page image before final citation.",PULL-003,DKT-001; DKT-005; DKT-008; DKT-004,Confirm file-unit citation against source copy and add box/folder/item/page details.,2026-06-01,"",""
CITE-043,DOC50-037,CHR-043,SEL-037,"","January 12, 1945",Weekly Propaganda Directive Office of War Information Czechoslovakia,NARA,RG 165,NAID 2149191,https://catalog.archives.gov/id/2149191,https://history.state.gov/search?q=%22Weekly%20Propaganda%20Directive%20Office%20of%20War%20Information%20Czechoslovakia%22,"NARA RG 165, Weekly Propaganda Directive Office of War Information Czechoslovakia January 12, 1945, NAID 2149191.","NARA RG 165, Weekly Propaganda Directive Office of War Information Czechoslovakia January 12, 1945, NAID 2149191. Source copy, exact folder, item/page image, classification, and routing still to be verified before final FRUS source note.",Pending source-copy citation,series and file-unit confirmation; box and folder; exact item image or page range; author and recipient where present; classification/routing stamps; final duplicate ruling; selection rationale; evidence cross-reference,Needed,Unchecked,Boundary review required,"",Policy: not assigned; Implementation: not assigned; Reaction: not assigned; Public line: not assigned,"Use NARA Catalog or textual reference pull: confirm series, box, folder, and item/page image before final citation.",PULL-010,DKT-001; DKT-005; DKT-008; DKT-004,Confirm file-unit citation against source copy and add box/folder/item/page details.,2026-06-01,"",""
CITE-044,DOC50-035,CHR-044,SEL-035,"","January 30, 1945",Long-Range Policy Directive for Thailand,NARA,RG 208,NAID 4732400,https://catalog.archives.gov/id/4732400,https://history.state.gov/search?q=%22Long-Range%20Policy%20Directive%20for%20Thailand%22,"NARA RG 208, Record Set of Policy Directives, Long-Range Policy Directive for Thailand-January 30, 1945, NAID 4732400.","NARA RG 208, Record Set of Policy Directives, Long-Range Policy Directive for Thailand-January 30, 1945, NAID 4732400. Source copy, exact folder, item/page image, classification, and routing still to be verified before final FRUS source note.",Pending source-copy citation,series and file-unit confirmation; box and folder; exact item image or page range; author and recipient where present; classification/routing stamps; final duplicate ruling; selection rationale; evidence cross-reference,Needed,Unchecked,Not yet ruled,"",Policy: not assigned; Implementation: not assigned; Reaction: not assigned; Public line: not assigned,"Use NARA Catalog or textual reference pull: confirm series, box, folder, and item/page image before final citation.",PULL-003,DKT-001; DKT-005; DKT-008; DKT-004,Confirm file-unit citation against source copy and add box/folder/item/page details.,2026-06-01,"",""
CITE-045,DOC50-025,CHR-045,SEL-025,"","February 23, 1945",Long-Range Policy Guidance-Poland,NARA,RG 208,NAID 4732395,https://catalog.archives.gov/id/4732395,https://history.state.gov/search?q=%22Long-Range%20Policy%20Guidance-Poland%22,"NARA RG 208, Record Set of Policy Directives, Long-Range Policy Guidance-Poland-February 23, 1945, NAID 4732395.","NARA RG 208, Record Set of Policy Directives, Long-Range Policy Guidance-Poland-February 23, 1945, NAID 4732395. Source copy, exact folder, item/page image, classification, and routing still to be verified before final FRUS source note.",Pending source-copy citation,series and file-unit confirmation; box and folder; exact item image or page range; author and recipient where present; classification/routing stamps; final duplicate ruling; selection rationale; evidence cross-reference,Needed,Unchecked,Not yet ruled,"",Policy: not assigned; Implementation: not assigned; Reaction: not assigned; Public line: not assigned,"Use NARA Catalog or textual reference pull: confirm series, box, folder, and item/page image before final citation.",PULL-003,DKT-001; DKT-005; DKT-008; DKT-004,Confirm file-unit citation against source copy and add box/folder/item/page details.,2026-06-01,"",""
CITE-046,DOC50-024,CHR-046,SEL-024,"","April 12, 1945",Long-Range Policy Directive-Austria,NARA,RG 208,NAID 4732367,https://catalog.archives.gov/id/4732367,https://history.state.gov/search?q=%22Long-Range%20Policy%20Directive-Austria%22,"NARA RG 208, Record Set of Policy Directives, Long-Range Policy Directive-Austria-April 12, 1945, NAID 4732367.","NARA RG 208, Record Set of Policy Directives, Long-Range Policy Directive-Austria-April 12, 1945, NAID 4732367. Source copy, exact folder, item/page image, classification, and routing still to be verified before final FRUS source note.",Pending source-copy citation,series and file-unit confirmation; box and folder; exact item image or page range; author and recipient where present; classification/routing stamps; final duplicate ruling; selection rationale; evidence cross-reference,Needed,Unchecked,Not yet ruled,"",Policy: not assigned; Implementation: not assigned; Reaction: not assigned; Public line: not assigned,"Use NARA Catalog or textual reference pull: confirm series, box, folder, and item/page image before final citation.",PULL-003,DKT-001; DKT-005; DKT-008; DKT-004,Confirm file-unit citation against source copy and add box/folder/item/page details.,2026-06-01,"",""
CITE-047,DOC50-023,CHR-047,SEL-023,"","April 18, 1945",Long-Range Directive-France,NARA,RG 208,NAID 4732378,https://catalog.archives.gov/id/4732378,https://history.state.gov/search?q=%22Long-Range%20Directive-France%22,"NARA RG 208, Record Set of Policy Directives, Long-Range Directive-France-April 18, 1945, NAID 4732378.","NARA RG 208, Record Set of Policy Directives, Long-Range Directive-France-April 18, 1945, NAID 4732378. Source copy, exact folder, item/page image, classification, and routing still to be verified before final FRUS source note.",Pending source-copy citation,series and file-unit confirmation; box and folder; exact item image or page range; author and recipient where present; classification/routing stamps; final duplicate ruling; selection rationale; evidence cross-reference,Needed,Unchecked,Not yet ruled,"",Policy: not assigned; Implementation: not assigned; Reaction: not assigned; Public line: not assigned,"Use NARA Catalog or textual reference pull: confirm series, box, folder, and item/page image before final citation.",PULL-003,DKT-001; DKT-005; DKT-008; DKT-004,Confirm file-unit citation against source copy and add box/folder/item/page details.,2026-06-01,"",""
CITE-048,DOC50-020,CHR-048,SEL-020,"","April 26, 1945",Basic Policy Directive for Information in Germany,NARA,RG 208,NAID 4732380,https://catalog.archives.gov/id/4732380,https://history.state.gov/search?q=%22Basic%20Policy%20Directive%20for%20Information%20in%20Germany%22,"NARA RG 208, Record Set of Policy Directives, Basic Policy Directive for Information in Germany-April 26, 1945, NAID 4732380.","NARA RG 208, Record Set of Policy Directives, Basic Policy Directive for Information in Germany-April 26, 1945, NAID 4732380. Source copy, exact folder, item/page image, classification, and routing still to be verified before final FRUS source note.",Pending source-copy citation,series and file-unit confirmation; box and folder; exact item image or page range; author and recipient where present; classification/routing stamps; final duplicate ruling; selection rationale; evidence cross-reference,Needed,Unchecked,Not yet ruled,"",Policy: not assigned; Implementation: not assigned; Reaction: not assigned; Public line: not assigned,"Use NARA Catalog or textual reference pull: confirm series, box, folder, and item/page image before final citation.",PULL-003,DKT-001; DKT-005; DKT-008; DKT-004,Confirm file-unit citation against source copy and add box/folder/item/page details.,2026-06-01,"",""
CITE-049,DOC50-021,CHR-049,SEL-021,"","May 29, 1945",Directive on Basic Themes for Output to Germany,NARA,RG 208,NAID 4732379,https://catalog.archives.gov/id/4732379,https://history.state.gov/search?q=%22Directive%20on%20Basic%20Themes%20for%20Output%20to%20Germany%22,"NARA RG 208, Record Set of Policy Directives, Directive on Basic Themes for Output to Germany-May 29, 1945, NAID 4732379.","NARA RG 208, Record Set of Policy Directives, Directive on Basic Themes for Output to Germany-May 29, 1945, NAID 4732379. Source copy, exact folder, item/page image, classification, and routing still to be verified before final FRUS source note.",Pending source-copy citation,series and file-unit confirmation; box and folder; exact item image or page range; author and recipient where present; classification/routing stamps; final duplicate ruling; selection rationale; evidence cross-reference,Needed,Unchecked,Not yet ruled,"",Policy: not assigned; Implementation: not assigned; Reaction: not assigned; Public line: not assigned,"Use NARA Catalog or textual reference pull: confirm series, box, folder, and item/page image before final citation.",PULL-003,DKT-001; DKT-005; DKT-008; DKT-004,Confirm file-unit citation against source copy and add box/folder/item/page details.,2026-06-01,"",""
CITE-050,DOC50-049,CHR-050,SEL-049,"",1945,Radio Division Resume of Operations,NARA,RG 229,NAID 2102897,https://catalog.archives.gov/id/2102897,https://history.state.gov/search?q=%22Radio%20Division%20Resume%20of%20Operations%22,"NARA RG 229, Office of Inter-American Affairs, Department of Information, Radio Division, Resume of Operations, NAID 2102897.","NARA RG 229, Office of Inter-American Affairs, Department of Information, Radio Division, Resume of Operations, NAID 2102897. Source copy, exact folder, item/page image, classification, and routing still to be verified before final FRUS source note.",Pending source-copy citation,series and file-unit confirmation; box and folder; exact item image or page range; author and recipient where present; classification/routing stamps; final duplicate ruling; selection rationale; evidence cross-reference,Needed,Unchecked,Not yet ruled,"",Policy: not assigned; Implementation: not assigned; Reaction: not assigned; Public line: not assigned,"Use NARA Catalog or textual reference pull: confirm series, box, folder, and item/page image before final citation.",PULL-007,DKT-001; DKT-005; DKT-008; DKT-003; DKT-006,Confirm file-unit citation against source copy and add box/folder/item/page details.,2026-06-01,"",""
